Sure.,いいよ,会話表現,
Cool!,かっこいい,会話表現,
Look!,みて,会話表現,
Help!,たすけて,会話表現,
Stop!,とまって,会話表現,
Great!,すごい,会話表現,
I won!,かった,会話表現,
Thanks.,ありがと,会話表現,
Really?,ほんとう,会話表現,
Cheers!,かんぱい,会話表現,
Listen!,きいて,会話表現,
Almost!,おしい,会話表現,
I lost.,まけちゃった,会話表現,
Goodbye.,さようなら,会話表現,
Welcome.,ようこそ,会話表現,
See you.,またね,会話表現,
Not bad.,まあまあだよ,会話表現,
"Me, too.",わたしも,会話表現,
I agree.,さんせい,会話表現,
I can't.,できないんだ,会話表現,
Wake up!,おきて,会話表現,
Speaking.,わたしです,会話表現,
I'm fine.,げんきだよ,会話表現,
I'm good.,ちょうしいいよ,会話表現,
Stand up.,たって,会話表現,
Sit down.,すわって,会話表現,
Be quiet.,しずかにして,会話表現,
Good job.,よくできました,会話表現,
It's fun.,たのしいよ,会話表現,
I'm full.,おなかいっぱい,会話表現,
Let's go.,いこう,会話表現,
I'm home.,ただいま,会話表現,
Hurry up.,いそいで,会話表現,
Cheer up.,"げんきだして, 元気だして",会話表現,
I did it!,できた,会話表現,
Wonderful!,すばらしい,会話表現,
Take care.,"きをつけてね, 気をつけてね",会話表現,
I'm tired.,つかれたよ,会話表現,
Thank you.,ありがとう,会話表現,
I'm sorry.,ごめんなさい,会話表現,
Excuse me.,すみません,会話表現,
That's OK.,だいじょうぶだよ,会話表現,
Of course.,もちろん,会話表現,
All right.,いいよ,会話表現,
Good idea.,いいね,会話表現,
It's cute.,かわいいね,会話表現,
I'm happy.,うれしいよ,会話表現,
Let's eat.,たべよう,会話表現,
What time?,なんじに,会話表現,
Turn left.,ひだりにまがって,会話表現,
Good luck.,がんばってね,会話表現,
Well done.,よくやったね,会話表現,
Watch out!,あぶない,会話表現,
Come here.,こっちにきて,会話表現,
Follow me.,ついてきて,会話表現,
Try again.,もういちどやってみて,会話表現,
Time's up.,じかんだよ,会話表現,
Calm down.,"おちついて, 落ち着いて",会話表現,
It's mine.,わたしのだよ,会話表現,
After you.,"おさきにどうぞ, お先にどうぞ",会話表現,
Bless you.,おだいじに,会話表現,
I like it.,すきだよ,会話表現,
I love it.,だいすき,会話表現,
Good night.,おやすみ,会話表現,
I'm sleepy.,ねむいよ,会話表現,
I'm hungry.,おなかがすいたよ,会話表現,
No problem.,"だいじょうぶだよ, 問題ないよ",会話表現,
Never mind.,"きにしないで, 気にしないで",会話表現,
That's all.,それでぜんぶです,会話表現,
Let's play.,あそぼう,会話表現,
It's sunny.,はれだよ,会話表現,
It's rainy.,あめだよ,会話表現,
It's snowy.,ゆきだよ,会話表現,
It's windy.,かぜがつよいね,会話表現,
Turn right.,みぎにまがって,会話表現,
Guess what!,ねえきいて,会話表現,
It's yours.,きみのだよ,会話表現,
I'm coming.,"いまいくよ, 今行くよ",会話表現,
I think so.,そうおもうよ,会話表現,
Look at me.,こっちをみて,会話表現,
Are you OK?,"だいじょうぶ, 大丈夫",会話表現,
Let me see.,ちょっとみせて,会話表現,
I'm thirsty.,のどがかわいたよ,会話表現,
Don't worry.,しんぱいしないで,会話表現,
"Yes, please.","はい, おねがいします",会話表現,
Let's begin.,はじめよう,会話表現,
Sounds good.,いいね,会話表現,
sorry,ごめんなさい,会話表現,
It's cloudy.,くもりだよ,会話表現,
I'm leaving.,いってきます,会話表現,
Go straight.,まっすぐいって,会話表現,
Let's share.,わけっこしよう,会話表現,
What's this?,これはなに,会話表現,
Let's start.,はじめよう,会話表現,
How are you?,げんき,会話表現,
This is Ken.,ケンです,会話表現,
Wait for me.,まってよ,会話表現,
Good morning.,おはよう,会話表現,
Good evening.,こんばんは,会話表現,
let's,さあ～しよう,会話表現,
Welcome home.,おかえり,会話表現,
That's right.,そのとおり,会話表現,
I understand.,"わかります, わかりました",会話表現,
What's wrong?,どうしたの,会話表現,
I don't know.,わからない,会話表現,
I'm not sure.,よくわからないな,会話表現,
I'll take it.,"それをください, これにします",会話表現,
Here you are.,"はい, どうぞ",会話表現,
Do your best.,ぜんりょくでがんばって,会話表現,
Take it easy.,むりしないでね,会話表現,
It's my turn.,"わたしのばん, 私の番だよ",会話表現,
May I try it?,ためしてもいい,会話表現,
See you later.,またあとでね,会話表現,
let's,～しよう,熟語,
"No, thank you.","いいえ, けっこうです",会話表現,
Just a minute.,ちょっとまってね,会話表現,
Don't be late.,おくれないでね,会話表現,
Don't give up.,あきらめないで,会話表現,
to go,持ち帰り,熟語,
Get well soon.,はやくよくなってね,会話表現,
Whose is this?,これだれの,会話表現,
May I come in?,はいってもいいですか,会話表現,
You can do it.,きみならできるよ,会話表現,
please,喜ばせる,会話表現,
Good afternoon.,こんにちは,会話表現,
You're welcome.,どういたしまして,会話表現,
"Listen, please.",きいてね,会話表現,
It's delicious.,おいしいよ,会話表現,
Happy birthday.,おたんじょうびおめでとう,会話表現,
I'm from Japan.,にほんしゅっしんです,会話表現,
Open your book.,ほんをひらいて,会話表現,
It's hot today.,きょうはあついね,会話表現,
It's near here.,"このちかくだよ, この近くだよ",会話表現,
That's too bad.,"それはざんねん, それは残念",会話表現,
It's your turn.,きみのばんだよ,会話表現,
Don't touch it.,さわらないで,会話表現,
My name is Ken.,ぼくのなまえはケンです,会話表現,
How much is it?,いくらですか,会話表現,
Can I help you?,おてつだいしましょうか,会話表現,
What day is it?,きょうはなんようび,会話表現,
Can I join you?,いれて,会話表現,
Congratulations.,おめでとう,会話表現,
Close your book.,ほんをとじて,会話表現,
Repeat after me.,あとについていって,会話表現,
get up,起きる,熟語,
Raise your hand.,てをあげて,会話表現,
by bus,バスで,熟語,
by car,車で,熟語,
Maybe next time.,"またこんど, また今度",会話表現,
It's cold today.,きょうはさむいね,会話表現,
"Hold on, please.",すこしまってください,会話表現,
Wash your hands.,てをあらってね,会話表現,
Clean your room.,へやをそうじして,会話表現,
Dinner is ready.,ばんごはんできたよ,会話表現,
It's over there.,あそこだよ,会話表現,
Watch your step.,あしもとにきをつけて,会話表現,
"Here, take this.","はい, これどうぞ",会話表現,
"Come in, please.",どうぞおはいりください,会話表現,
Have a nice day.,よいいちにちを,会話表現,
How old are you?,なんさいですか,会話表現,
walk to,へ歩いて行く,熟語,
Can you help me?,てつだってくれる,会話表現,
at noon,正午に,熟語,
look at,を見る,熟語,
stay up,"起きている, 覚醒している",熟語,
I don't like it.,すきじゃないな,会話表現,
What time is it?,いまなんじ,会話表現,
Have a good day.,よいいちにちを,会話表現,
Let's go to bed.,もうねよう,会話表現,
Turn off the TV.,テレビをけして,会話表現,
See you tomorrow.,またあした,会話表現,
I'm just looking.,みているだけです,会話表現,
Brush your teeth.,はをみがいてね,会話表現,
"This way, please.",こちらへどうぞ,会話表現,
Long time no see.,"ひさしぶり, 久しぶり",会話表現,
Nice to meet you.,はじめまして,会話表現,
Have a nice trip.,"よいたびを, よい旅を",会話表現,
I'm proud of you.,きみをほこりにおもうよ,会話表現,
Pass me the ball.,ボールをパスして,会話表現,
take out,持ち帰り,熟語,
for here,ここで食べる,熟語,
stand up,"立つ, 起きる",熟語,
Do you understand?,わかりますか,会話表現,
wait for,"を待つ, を待ち受ける",熟語,
sit down,座る,熟語,
How's the weather?,てんきはどう,会話表現,
a lot of,たくさんの,熟語,
It's Monday today.,きょうはげつようびだよ,会話表現,
I have a question.,しつもんがあります,会話表現,
I don't understand.,わかりません,会話表現,
It's too expensive.,"たかすぎるよ, 高すぎるよ",会話表現,
It's three o'clock.,3じだよ,会話表現,
Breakfast is ready.,あさごはんできたよ,会話表現,
I'll call you back.,あとでかけなおすね,会話表現,
Did you sleep well?,よくねむれた,会話表現,
How about,はどうですか,熟語,
Let's take the bus.,バスにのろう,会話表現,
say again,もう一度言う,熟語,
listen to,聴く,熟語,
help with,を助ける,熟語,
May I speak to Tom?,トムさんをおねがいします,会話表現,
and so on,などなど,熟語,
Thank you very much.,どうもありがとう,会話表現,
field trip,遠足,熟語,
write down,書く,熟語,
Please say it again.,もういちどいってください,会話表現,
on the way,道の途中で,熟語,
go back to,に戻る,熟語,
Please call me back.,あとでかけなおしてね,会話表現,
How do you say this?,これなんていうの,会話表現,
learn about,について学ぶ,熟語,
That's all for today.,きょうはここまで,会話表現,
on weekends,週末に,熟語,
high school,高校,熟語,
Where is the station?,えきはどこ,会話表現,
worry about,について心配する,熟語,
go straight,まっすぐ行く,熟語,
take a rest,休憩する,熟語,
Can I ask a question?,しつもんしてもいいですか,会話表現,
check ～ out,を確認する,熟語,
on your left,左側に,熟語,
"One more time, please.",もういちどおねがいします,会話表現,
with a smile,笑顔で,熟語,
middle school,中学校,熟語,
"Nice to meet you, too.",こちらこそはじめまして,会話表現,
on your right,右側に,熟語,
farewell party,送別会,熟語,
"Good morning, everyone.",みなさんおはよう,会話表現,
school festival,文化祭,名詞,
be(get) excited,興奮をする,熟語,
have a headache,頭痛がする,熟語,
What's this in English?,これはえいごでなんていうの,会話表現,
between A and B,"AとBの間, AとBの中間",熟語,
be interested in,に興味がある,熟語,
Are you ready to order?,注文は決まりましたか,会話表現,
learn a lot from,からたくさん学ぶ,熟語,
elementary school,小学校,熟語,
May I go to the bathroom?,トイレにいってもいいですか,会話表現,
entrance ceremony,入学式,熟語,
junior high school,中学校,名詞,
Hello? (on the phone),もしもし,会話表現,
You have the wrong number.,ばんごうがちがいます,会話表現,
a few,いくらかの,形容詞,
be scared of,が怖い,熟語,
arrive at,に到着する,熟語,
ask about,～について聞く,熟語,
talk to,に話しかける,熟語,
for example,"例えば, たとえ…としても",熟語,
most of,のほとんど,熟語,
go abroad,外国に行く,熟語,
show around,に見せて回る,熟語,
make own bed,ベッドを整える,熟語,
one day,"ある日, いつか",熟語,
ask for,～に求める,熟語,
from the experience,経験から,熟語,
call back,折り返し電話する,熟語,
think of,思い付く,熟語,
look after,の面倒を見る,熟語,
decide to,に決める,熟語,
too ～ for,～すぎる,熟語,
kind to,に対して親切な,熟語,
take care of,の面倒を見る,熟語,
every minutes,毎分ごとに,熟語,
work for,のために働く,熟語,
live in,に住む,熟語,
Let us(Let's),～しましょう,熟語,
try on,試着する,熟語,
someone in need,助けが必要な人,熟語,
talk about,について話す,熟語,
get along with,うまくやる,熟語,
search for,を探索する,熟語,
try to,"しようとする, 試す",熟語,
leave for,へ出かける,熟語,
keep in touch,連絡を取り合う,熟語,
go to,へ行く,熟語,
in the future,将来に,熟語,
take it back,取り戻す,熟語,
stationery shop,文房具店,名詞,
over there,あそこに,熟語,
foreign language,外国語,名詞,
on the wall,壁に,熟語,
stand by,"そばに立つ, 待機する",熟語,
be born,生まれる,熟語,
even so,それでも,熟語,
try hard,一生懸命する,熟語,
live abroad,海外で生活する,熟語,
from now on,"これから, これからは, 今後も",熟語,
get tired,疲れる,熟語,
from ～ to ～,～から～まで,熟語,
be famous for,で有名である,熟語,
Can I borrow yours?,借りてもいい,会話表現,
"Sure, here you are.","いいよ, はいどうぞ",会話表現,
How much are they?,それらはいくら,会話表現,
I'm looking for a gift.,プレゼントを探しているの,会話表現,
Do you have it in blue?,青いのはありますか,会話表現,
I'll take this one.,これをください,会話表現,
Here's your change.,おつりです,会話表現,
May I try it on?,試着してもいい,会話表現,
I can help you.,手伝えるよ,会話表現,
That sounds fun.,楽しそう,会話表現,
