crop,"収穫物, 作物, 収穫高, 収穫",名詞,
prosecution,"起訴, 告訴",名詞,
toe,"つま先, 足の指",名詞,
seize,"つかむ, 把握する, を奪い取る",動詞,
imagination,"想像, 仮想",名詞,
governor,"知事, 州知事, 長官",名詞,
curiosity,"好奇心, 探究心",名詞,
military,"軍の, 軍事の",形容詞,
tail,"尾, 尾部",名詞,
except,"を除いて, 除外して",前置詞,
string,"紐, 糸, ひも",名詞,
appoint,"任命する, 指定する, 指名する",動詞,
mere,"単なる, ほんの",動詞,
military,"軍隊, 兵力",名詞,
conference,"会議, 対話, 協議",名詞,
explanation,"説明, 解説",名詞,
atmosphere,"雰囲気, 気候, 大気",名詞,
toward,"向かって, のほうへ",前置詞,
examination,"試験, 実験",名詞,
strongly,"強く, 激しく",副詞,
fear,"を恐れる, 恐がる, 恐れ",名詞,
ability,"能力, 力量",名詞,
weight,"重さ, 体重",名詞,
exclude,"除く, 排除する, を除外する",動詞,
discipline,"しつけ, 規律, 訓練, 懲戒",名詞,
potentially,"潜在的に, 可能性として",副詞,
extent,"程度, 大きさ, 範囲",名詞,
settlement,"移住, 定住",名詞,
remark,"と述べる, 意見を述べる",動詞,
enormous,"非常に大きい, 極端に大きい",形容詞,
presence,"存在, 存在感, 出席, 面前",名詞,
rapid,"急速な, 急激な",形容詞,
basis,"土台, 根拠, 基礎, 基準",名詞,
commander,"司令官, 指揮官",名詞,
radical,"急進的な, 抜本的な, 根本的な",形容詞,
individual,"個人の, 個々の, 個人",形容詞,
journal,"日誌, 日記",名詞,
avoid,"を避ける, を回避する",動詞,
depression,"憂うつ, うつ病, 不況, 低気圧",動詞,
stake,"くい, 掛け金, 利害関係, 杭",名詞,
possibly,"ひょっとすると, もしかしたら",副詞,
likely,"起こりそうな, 可能性がある",形容詞,
entertainment,"娯楽, 楽しみ",名詞,
opposite,"反対の, 向こう側の",形容詞,
district,"地域, 地区, 行政区, 区域",名詞,
pitch,"投げる, 放る, 倒れる",動詞,
historical,"歴史上の, 過去の, 歴史の",形容詞,
bullet,"弾丸, 銃弾",名詞,
revenue,"収益, 所得, 歳入, 収入",名詞,
democracy,"民主主義, 民主制度, 民主政治",名詞,
portable,携帯できる,動詞,
cause,"原因, 理由, 大義",動詞,
legislation,"立法, 法制定, 法律",名詞,
breast,"胸部, 胸",名詞,
actual,"現実の, 事実の, 実際の",形容詞,
eager,"強く望んでいる, 切望している",形容詞,
proverb,ことわざ,名詞,
psychological,"心理的な, 精神的な",形容詞,
refugee,"難民, 避難者",名詞,
origin,"起源, 由来, 源, 出生",名詞,
crack,"ひびが入る, にひびを入れる",動詞,
notion,"考え, 意見, 概念, 観念, 見解",名詞,
initially,"最初は, 初めて, 最初に",副詞,
doubt,"疑い, 疑問",名詞,
sigh,"ため息をつく, 溜め息をつく",動詞,
laboratory,"実験室, 研究所, 研究室",名詞,
delight,"喜び, 歓喜, 楽しみ",名詞,
shortly,"まもなく, 近々",副詞,
universal,"普遍的な, 万能の, 宇宙の",形容詞,
labor,"労働, 労働者",名詞,
shortly,まもなく,動詞,
entire,"全体の, 全部の, 完全な, 全体",形容詞,
arise,"起こる, 現れる, 生じる",動詞,
incorporate,"合体させる, 統合する",動詞,
mere,"単なる, ただの",形容詞,
agenda,"議題, 協議事項, 議事日程",名詞,
terror,"恐怖, 恐れ",名詞,
truly,"真に, 正確に",副詞,
favor,"親切な行為, 好意, ～を好む",名詞,
recession,"不況, 後退, 不景気, 景気後退",名詞,
aircraft,"航空機, 飛行機",名詞,
prison,刑務所,名詞,
anniversary,"～周年, 記念日",名詞,
possibility,"可能性, 実現性",名詞,
sequence,"連続, 継続, 一連, 連鎖",名詞,
slight,"かすかな, わずかの, わずかな",形容詞,
inform,"情報を与える, に知らせる",動詞,
investigation,"調査, 研究",名詞,
depression,"落ち込み, 不景気",名詞,
unless,"でない限り, 除いて",接続詞,
necessity,"必要性, 必須",名詞,
supreme,"最高の, 至高の",形容詞,
severe,"厳しい, 厳格な, 猛烈な",形容詞,
stake,"くい, 棒",形容詞,
bloody,"血の, 血液の",形容詞,
apart,"離れて, 遠くに",副詞,
cast,"投げる, 放る, を投じる",動詞,
trading,取引,名詞,
path,"小道, 細道, 道筋",名詞,
delight,"を喜ばせる, 大いに喜ぶ",動詞,
appreciate,"感謝する, ありがたがる",動詞,
crack,"裂け目, ひび, 亀裂",名詞,
hesitate,"ためらう, 躊躇する",動詞,
contrary,"反対の, 逆の",形容詞,
depending,"依存している, 依存状態",動詞（現在分詞）,
household,"家族, 世帯, 家, 家庭の家事",名詞,
laughter,"笑い, 笑顔",名詞,
teenager,"十代, 少年期",名詞,
crime,"犯罪, 罪行, 罪, 違法行為",名詞,
frighten,"怖がらせる, 恐れさせる",動詞,
mortgage,"抵当, 担保, 住宅ローン",名詞,
indicate,"を指し示す, を述べる, 示す",動詞,
stroke,"打撃, 衝撃, 脳卒中, 打つこと",名詞,
shortage,"不足, 欠乏",名詞,
explore,"探索する, 調査する, 探検する",動詞,
property,"財産, 所有物, 所有地, 特性",名詞,
freeze,"凍る, 氷結, を凍らせる",動詞,
closely,"綿密に, 詳細に, 密接に",副詞,
similar,"似ている, 類似した, 同様の",動詞,
venture,"冒険的事業, 投機的事業",名詞,
account,"銀行口座, 説明, 勘定, 口座",名詞,
internal,"内部の, 内側の, 国内の",形容詞,
edge,"端, 縁",名詞,
environmental,"環境の, 自然環境の",形容詞,
plenty,"たくさん, 多く",名詞,
amendment,"修正, 改訂",名詞,
fiber,"繊維, 糸, 本質, 精神力",名詞,
somewhat,"いくぶん, いくらか, 多少",副詞,
restriction,"制限, 限定",名詞,
publish,"を出版する, 発行する",動詞,
expense,"費用, 出費, 犠牲, 経費",名詞,
similar,"似ている, 類似の, よく似た",形容詞,
pollution,"汚染, 汚れ, 汚染物, 公害",名詞,
foundation,"土台, 根拠, 設立, 基盤, 基礎",名詞,
compare,"を比較する, をたとえる",動詞,
furthermore,"さらに, その上, その上に",副詞,
consume,"を消費する, 消耗する, 飲む",動詞,
employment,"雇用, 採用",名詞,
betray,"を裏切る, をだます, 暴露する",動詞,
portable,"持ち運べる, 携帯用の",形容詞,
construction,"建設, 構造, 建造物",名詞,
convert,"を変える, 転換する, 変わる",動詞,
eager,熱望している,動詞,
provide,"を供給する, 提供する",動詞,
currency,"通貨, 流通, 普及",名詞,
additionally,"加えて, さらに, 追加で",副詞,
preserved,"保存された, 保管された",形容詞,
analyze,"を分析する, 分解する",動詞,
sympathy,"同情, 思いやり, 共感",名詞,
flexibility,"しなやかさ, 弾力性, 柔軟性",名詞,
manage,"何とかうまくやる, 管理を行う",動詞,
artificial,"人工的な, 人造の, 人工の",形容詞,
measure,"措置, 測るもの, を測る, 基準",動詞,
fertilizer,"肥料, 育成剤",名詞,
tolerate,"に耐える, 寛大に取り扱う",動詞,
journey,"旅, 旅行",名詞,
cell,"細胞, マス目, 独房, 電池",名詞,
annually,"毎年の, 年一回ずつ",副詞,
embarrass,を恥ずかしがらせる,動詞,
enlarge,"を拡大する, を広げる",動詞,
brilliant,"優れた, 光り輝く, すばらしい",形容詞,
depending,"依存している, 依存状態",動詞,
frequent,"頻繁な, しばしば起こる",形容詞,
gravity,"重力, 引力, 重量, 重大さ",名詞,
rare,"まれな, 珍しい, 希少な, 稀な",形容詞,
locate,"見つける, 位置を突きとめる",動詞,
politely,"丁寧に, 礼儀正しく",副詞,
accidentally,"誤って, 知らずに",副詞,
appointment,"予定, 約束",名詞,
luxury,"贅沢な, 贅沢, ぜいたく",名詞,
replacement,"置換, 代替, 交換",名詞,
imitate,"模倣する, 真似る, をまねる",動詞,
assignment,"割り当て, 配分, 宿題",名詞,
instrument,"楽器, 音楽器具, 器具",名詞,
arrange,"整える, を配置する",動詞,
orbit,軌道～の軌道を回る,動詞,
composer,"作曲, 楽曲制作",名詞,
furniture,"家具, 調度品",名詞,
sufficient,"十分な, 足りている",形容詞,
barely,"かろうじて, やっと",副詞,
delete,"を削除する, 消す, 消去する",動詞,
urgent,"緊急の, 急を要する, 急ぎの",形容詞,
generous,"気前のよい, 寛容な, 寛大な",形容詞,
cruel,"残酷な, ひどい, むごい",形容詞,
punctual,時間を守る,動詞,
celebration,"お祝い, 祝典",名詞,
reflection,"反響, 反射",名詞,
whisper,"ささやく, を耳打ちする",動詞,
deposit,"お金を預ける, を預金する",動詞,
apology,"謝罪, お詫び",名詞,
deceive,"を欺く, をだます",動詞,
endure,"を我慢する, 耐える",動詞,
disposal,"処理, 処分, 廃棄",動詞,
statistics,"統計, 数字, 統計学",名詞,
terminal,"終りの, 末端の, 終点の",形容詞,
formation,"形成, 構成, 隊列",名詞,
envelope,"封筒, 封書",名詞,
view,"眺め, 見方, を見る, 景色",動詞,
quarrel,"喧嘩, 口論, 言い争い, 口喧嘩",名詞,
luckily,"幸いなことに, 幸運にも",副詞,
ankle,"足首, くるぶし",名詞,
active,"活動的な, 活気のある",形容詞,
lesser,"より少ない, いっそう少ない",形容詞,
immune,"免疫の, 免疫のある, 免れた",形容詞,
disorder,"無秩序, 混乱, 障害, 不調",名詞,
mental,"精神の, 心の, 知能の, 頭の",形容詞,
venture,危険を冒して進む,動詞,
exceptionally,"例外的に, 非常に",副詞,
collapse,"崩壊する, つぶれる, 倒れる",動詞,
insult,"を侮辱する, を罵る, 侮辱",動詞,
isolated,"孤立した, 隔離された",形容詞,
punctual,"規則正しい, 時間通りの",形容詞,
frightened,"恐ろしかった, 怖かった",形容詞,
accord,"一致する, 調和する",動詞,
guarantee,"を保証する, 保証",動詞,
blame,"を非難する, 批判する",動詞,
violate,"違反する, 破る, を侵害する",動詞,
delay,"を遅らせる, 先延ばしにする",動詞,
immigrate,"移住する, 移転する",動詞,
instinct,"直感, 本能, 勘, 衝動",名詞,
contact,"と連絡をとる, 接触, 連絡",名詞,
strangely,"不思議なことに, 奇妙に",副詞,
chase,"を追跡する, 追いかける, 追跡",動詞,
pour,"を注ぐ, 激しく降る, 流れ込む",動詞,
brightness,"輝度, 明るさ",名詞,
indoor,"室内, 屋内の",形容詞,
specific,"具体的な, 特定の, 明確な",形容詞,
symmetry,"対称, 左右対称, 調和",名詞,
copyright,"著作権, 版権",名詞,
director,"監督, 指導者, 役員",名詞,
environmentally,"環境的に, 情勢的に",副詞,
celebration,お祝い,形容詞,
process,"過程, 手順, を加工処理する",名詞,
harm,"害, 危害, を害する, 損害",名詞,
unbelievable,"信じられない, 信じがたい",形容詞,
arrogant,"傲慢な, 横柄な",形容詞,
harbor,"港, 港湾",名詞,
temper,"気性, かんしゃく, 気質, 機嫌",名詞,
legend,"伝説, 言い伝え",名詞,
vague,"漠然とした, あいまいな",形容詞,
harvest,"収穫, を収穫する, 収穫期",動詞,
Annually,毎年の,形容詞,
ruin,"を台無しにする, 破滅する",動詞,
launch,"発売する, 船をおろす",動詞,
refuse,"を拒否する, 拒む, を断る",動詞,
overtake,"追い越す, 追いつく, を襲う",動詞,
restrict,"を制限する, を限定する",動詞,
stock,"株, 在庫, を在庫に持つ, 蓄え",名詞,
competitor,"競合他社, 競争相手",名詞,
spectator,"観客, 見物人",名詞,
explorer,"冒険者, 探検家",名詞,
equal,"同等, 等しい, 匹敵する",形容詞,
leftover,"残り物, 食べ残し",名詞,
efficiency,"効率, 能率, 効率性",名詞,
arrangement,"配置, 配列, 手配",名詞,
prescription,"処方, 処方箋",名詞,
generously,"惜しみなく, 気前よく",副詞,
deadline,"締め切り, 期限",名詞,
temporarily,"一時的に, 仮に",副詞,
fund,"基金, 資金",名詞,
overlap,"重ねる, 積む, 重なる",動詞,
collaboration,"共同, 共作, 協力",名詞,
detective,"探偵, 刑事, 捜査官",名詞,
modify,"を変更する, を修正する",動詞,
advance,"前進する, 前進, 事前",名詞,
stir,"をかき混ぜる, 混ぜる, 騒乱",動詞,
orbit,"軌道, 軌跡, 範囲",名詞,
emotionally,"感情的に, 情緒的に",副詞,
evaluate,"評価する, 見積もる",動詞,
prospect,"見込み, 眺め, 展望, 有望な人",名詞,
create,"を創り出す, を引き起こす",動詞,
produce,"を生産する, を取り出す",動詞,
offer,"を提供する, 申し出る, 提供",動詞,
require,"を要求する, を必要とする",動詞,
tend,"傾向がある, を世話する",動詞,
limit,"を制限する, 限度, 制限",動詞,
relate,"を関連づける, 関連する",動詞,
mark,"に印をつける, を示す, 成績",動詞,
challenge,"に異議を唱える, に挑む, 難題",動詞,
idea,"考え, 思いつき, 理解, 見解",名詞,
accord,"一致, 合意, 協定",名詞,
situation,"状況, 立場, 情勢",名詞,
isolated,孤立した,動詞,
skill,"技能, 熟練, 能力, 技術",名詞,
view,"見解, 見方, 眺め",名詞,
value,"価値, 価格, 評価, 価値観",名詞,
project,"計画, 事業, 研究計画",名詞,
statement,"声明, 主張, 明細書, 話, 陳述",名詞,
technology,"科学技術, 応用技術",名詞,
familiar,"見慣れた, よく知られた",形容詞,
major,"主要な, 大きい, 長調の, 主な",形容詞,
native,"出生地の, 原産の, 生得の",形容詞,
value,"価値, を重んじる, 価値観",動詞,
blank,"空白の, 無表情な, 白紙の",形容詞,
recognize,"を識別できる, を認める",動詞,
claim,"と主張する, を要求する, 要求",動詞,
advance,"を進歩させる, を進める, 進む",動詞,
prepare,"を準備する, を調理する",動詞,
perform,"行う, 演じる, 演奏する",動詞,
prove,"を証明する, 判明する, わかる",動詞,
communicate,"情報交換をする, を伝達する",動詞,
contact,"と連絡を取る, 接触する",動詞,
regard,"を見なす, を見る, を評価する",動詞,
search,"捜す, を捜索する, 探索, 捜索",動詞,
connect,"をつなぐ, を関連づける",動詞,
model,"模範, モデル, 模型, 型",名詞,
figure,"数字, 姿, 人物, 図表, 形, 図",名詞,
emotion,"感情, 情動, 感動",名詞,
stress,"ストレス, 圧力, 強調",名詞,
character,"性格, 個性, 特徴, 登場人物",名詞,
phrase,"句, 成句, 言葉遣い, 熟語",名詞,
damage,"損害, 損傷, 損害賠償金",名詞,
impact,"影響, 衝突, 衝撃",名詞,
function,"機能, 関数",名詞,
vocabulary,語い,形容詞,
link,つながる,動詞,
access,"利用, 入手, 接近, 交通の便",名詞,
link,"関連, つながり, 交通手段",名詞,
instance,"例, 実例, 場合",名詞,
regardless,"にも関わらず, 不注意で",副詞,
process,"過程, を加工処理する",動詞,
positive,"肯定的な, 積極的な, 確信して",形容詞,
essential,"必要不可欠な, 本質的な",形容詞,
official,"公用の, 公式の, 役所の, 役人",形容詞,
digital,デジタル方式の,形容詞,
mobile,"可動式の, 流動性のある",形容詞,
novel,"斬新な, 目新しい, 小説",形容詞,
plastic,"柔軟な, プラスチックの",形容詞,
unite,"を団結させる, 結合する",動詞,
reveal,"を明らかにする, を見せる",動詞,
reflect,"を反映する, 反射する",動詞,
define,"を定義する, を明確にする",動詞,
display,"を示す, を発揮する, 陳列する",動詞,
assume,"を当然のことと思う, 思いこむ",動詞,
relax,"くつろぐ, 緩む, を緩める",動詞,
fashion,"流行, ファッション, 方法",名詞,
colleague,"同僚, 仲間",名詞,
section,"部門, 部分, 地区, 欄",名詞,
topic,"話題, トピック, 主題",名詞,
technique,"技術, 技巧, 手法",名詞,
loan,融資する,動詞,
option,"選択, 選択肢",名詞,
race,"人種, 民族, 競争",名詞,
struggle,"闘い, 懸命の努力",形容詞,
trend,"傾向, 流行, 風潮",名詞,
balance,"均衡, バランス, 平衡, 残高",名詞,
function,"機能, 働き, 機能する",動詞,
gene,"遺伝子, 遺因",名詞,
track,"跡, 軌道, 【米】番線, 走路",名詞,
cognitive,認知の,形容詞,
vast,"莫大な, 広大な, 非常に大きな",形容詞,
familiar,"精通している, 馴染みのある",動詞,
legal,"法律の, 合法の, 法的な",形容詞,
willing,"いとわない, かまわないと思う",形容詞,
whereas,"～するのに, ～する一方",接続詞,
stick,"を動けなくする, を突き刺す",動詞,
routine,"日常の, おきまりの日課",形容詞,
engage,"を従事させる, を雇う",動詞,
shift,"を変える, 移す, 変わる, 変化",動詞,
acquire,"を得る, を習得する",動詞,
repeat,"繰り返す, を復唱する",動詞,
select,"を選ぶ, えり抜く, を選び出す",動詞,
evolve,"発展する, 進化する",動詞,
bore,"を退屈させる, うんざりさせる",動詞,
target,"目標, 的",名詞,
capacity,"容量, 収容能力, 能力, 容積",名詞,
wealth,"富, 資源, 富裕",名詞,
institution,"機関, 協会, 施設, 制度, 設立",名詞,
campaign,"運動, 軍事行動, 政治的運動",名詞,
project,"企画, 事業, ～を見積もる",動詞,
web,"ウェブ, 巣, クモの巣",名詞,
symbol,"象徴, シンボル, 記号, 標章",名詞,
version,"版, 解釈",名詞,
perspective,"観点, 見方, 大局観, 遠近法",名詞,
psychology,"心理学, 心理, 精神科学",名詞,
gender,"性, 性別, ジェンダー",名詞,
struggle,"もがき苦しむ, 奮闘, 努力",動詞,
trace,"跡を辿る, 跡, 痕跡",名詞,
fossil,"化石, 時代遅れの人, 遺跡",名詞,
document,"文書, 書類, 記録, 資料",名詞,
vocabulary,"語彙, 単語, ボキャブラリー",名詞,
visual,"視覚の, 目に見える",形容詞,
major,"専攻科目, 主要科目",名詞,
generate,"を生み出す, を発生させる",動詞,
deliver,"を配達する, をする, 子を産む",動詞,
insist,"強く主張する, 要求する",動詞,
rank,"を位置づける, 評価する, 等級",動詞,
inspire,"を奮起させる, を喚起する",動詞,
comment,"意見, コメント, 批判, 論評",名詞,
category,"部類, 区分, 範疇, 部門, 種類",名詞,
review,"論評, 再調査, 【米】復習",名詞,
trait,"特性, 特色, 特徴",名詞,
diversity,"多様性, 相違点, 多様化",名詞,
facility,"施設, 設備, 機能, 才能, 能力",名詞,
search,"～の中を探す, 探求, 探索",名詞,
dialect,"方言, 地域言語, なまり",名詞,
tip,"助言, 秘訣, チップ, 先端, 先",名詞,
stuff,"物, 素材, 素質",名詞,
mammal,"哺乳動物, 哺乳類",名詞,
quantity,"量, 分量, 数値",名詞,
organ,"器官, 臓器, 組織, オルガン",名詞,
trial,"試み, 試験, 裁判, 試用期間",名詞,
norm,"規範, 標準, 基準",名詞,
code,"規範, 暗号, 法典",名詞,
stress,"～を強調する, ストレス, 重点",動詞,
numerous,"非常に数の多い, 多数の",形容詞,
linguistic,"言語学, 語学",名詞,
widespread,"広範囲にわたる, 広く普及した",動詞,
linguistic,"言語の, 言語学の",形容詞,
annual,"年1回の, 例年の, 1年間の",形容詞,
civil,"市民の, 民間の, 民事の",形容詞,
odd,"奇妙な, 奇数の, 変な, 半端な",形容詞,
violent,"激しい, 暴力的な",形容詞,
virtual,"仮想の, 事実上の",形容詞,
regardless,"かまわない, 無頓着な",形容詞,
request,"に頼む, を要請する, 依頼",動詞,
ensure,"を確実にする, を守る",動詞,
differ,"異なる, 違う",動詞,
beat,"を打ち負かす, 打つ, たたく",動詞,
cure,"を治す, を取り除く, 治る",動詞,
fascinate,"を魅了する, 魅惑する",動詞,
manufacture,"を製造する, をでっち上げる",動詞,
interact,"影響し合う, 相互に作用する",動詞,
adjust,"を調整する, を適合させる",動詞,
confirm,"を確認する, を裏づける",動詞,
insight,"見識, 理解, 洞察力, 洞察",名詞,
innovation,"革新, 新機軸, 革新技術",名詞,
budget,"予算, 経費, 家計",名詞,
loan,"貸付金, 融資, 貸すこと",名詞,
alarm,"不安, 恐れ, 警報装置",名詞,
candidate,"候補, 志願者, 候補者",名詞,
corporation,"企業, 法人",名詞,
stereotype,"固定観念, 決まり文句",名詞,
route,"道, 路線, ルート, 手段",名詞,
immigration,"移民, 移住, 入国管理",名詞,
barrier,"障壁, 防壁, 障害",名詞,
disadvantage,"不利, 障害, 損失, 不利益",名詞,
mood,"気分, 機嫌, 雰囲気",名詞,
motion,"動き, 動作, 運動, 動議",名詞,
routine,"決まり切った仕事, いつもの",名詞,
myth,"作り話, 神話, 神話伝説, 俗説",名詞,
alien,"異質な, 外国の外国人",形容詞,
hypothesis,"仮説, 憶測, 前提, 推測",名詞,
grain,"穀物, 粒, きめ, 穀類",名詞,
contract,"契約, 協定, ～を契約する",名詞,
welfare,"福祉, 幸福",名詞,
prime,"主要な, 最も重要な, 最適な",形容詞,
flexible,"柔軟な, 曲がりやすい",形容詞,
distinct,"明らかに異なる, 明瞭な",動詞,
abstract,"抽象的な, 非具体的な",形容詞,
minor,"重要でない, 小さい, 年少の",形容詞,
flexible,"融通の利く, 柔軟な",動詞,
aggressive,"攻撃的な, 意欲的な, 侵略的な",形容詞,
unexpected,"思いがけない, 不意の, 意外な",形容詞,
stuff,"もの, ～を詰め込む",形容詞,
patent,"特許, ～の特許をとる",動詞,
alien,"異質の, 外国の, 宇宙人の",動詞,
initial,"初めの, 当初の, 最初の",形容詞,
exact,"正確な, まさにその, ちょうど",形容詞,
unexpected,予期せぬ,動詞,
precise,"正確な, 精密な, まさにその",形容詞,
commit,"献身する, を犯す, を投入する",動詞,
trace,"をたどる, を捜し出す, 遡る",動詞,
illustrate,"を説明する, に挿絵を入れる",動詞,
advise,"に忠告する, 助言する",動詞,
stretch,"を伸ばす, を広げる, 伸びる",動詞,
puzzle,"を当惑させる, ～を戸惑わせる",動詞,
crash,"衝突する, 墜落する",動詞,
investigate,"を調査する, を究明する",動詞,
monitor,"を監視する, を傍受する",動詞,
eliminate,"を取り除く, を排除する",動詞,
review,"論評, 批評, を論評する",動詞,
incident,"出来事, 事件, 紛争",名詞,
tone,"口調, 音色, 雰囲気, 色調, 音",名詞,
honor,"光栄, 名誉, 敬意, 特権, 栄誉",名詞,
logic,"論理, 道理, 論理学, 理論",名詞,
minimum,"最小限度, 最小の, 最も小さな",形容詞,
insurance,"保険, 保険料, 保険金, 保障",名詞,
frame,"枠, 縁, 骨組み, 体格, 枠組み",名詞,
territory,"領土, 領域, テリトリー, 地域",名詞,
habitat,"生息地, 居住地",名詞,
patent,特許,形容詞,
conservation,"保護, 保存, 保全, 管理, 維持",名詞,
predator,"捕食動物, 略奪者, 捕食者",名詞,
trap,"わな, 苦境",形容詞,
trick,"こつ, 策略, いたずら, 芸当",動詞,
reform,改革,名詞,
discount,割引,名詞,
bias,"偏見, 傾向, 先入観",名詞,
patent,"特許, 特許品",名詞,
dialogue,"対話, 会話, 意見の交換",名詞,
verbal,"言葉の, 口頭での, 動詞の",形容詞,
remote,"遠く離れた, かけ離れた, 遠い",形容詞,
principal,"主要な, 資本金の, 基本的な",形容詞,
equivalent,"等しい, 相当する, 同等の",形容詞,
absolute,"絶対的な, 完全な",形容詞,
pose,"姿勢, 体勢",名詞,
permanent,"永続的な, 永久の, 永遠の",形容詞,
meaningful,意味のある,動詞,
extinct,"絶滅した, 廃止された",形容詞,
random,"無作為の, 手当たり次第の",形容詞,
distinct,"他と違った, 別の",形容詞,
rude,"無礼な, 粗野な, 失礼な",形容詞,
tropical,"熱帯の, 熱帯気候の",形容詞,
forth,"前へ, 先へ, それ以降",名詞,
dominate,"を支配する, 優勢である",動詞,
discourage,にやる気をなくさせる,動詞,
devote,"をささげる, ～を捧げる, 割く",動詞,
urge,"に促す, を強く主張する, 衝動",動詞,
exhaust,"を疲れ果てさせる, 排気する",動詞,
endanger,を危険にさらす,動詞,
acknowledge,"を認める, に謝意を表す",動詞,
secure,"を確保する, を守る",動詞,
specialize,"専門とする, 【英】専攻する",動詞,
bury,"を埋める, を埋葬する, を隠す",動詞,
resist,"に抵抗する, を我慢する",動詞,
scare,"をおびえさせる, を脅す",動詞,
assist,"援助する, を手伝う, 促進する",動詞,
resemble,に似ている,動詞,
neglect,"をおろそかにする, 怠る",動詞,
reform,"を改革する, を改心させる",動詞,
pile,"積み重ね, 累積, 山",名詞,
owe,"に借りがある, のおかげである",動詞,
assign,"を割り当てる, を配属する",動詞,
literacy,"読み書きの能力, 知識",名詞,
mission,"使命, 使節団, 布教, 任務",名詞,
license,"免許, 許可",名詞,
elite,エリート,名詞,
layer,層,名詞,
motor,"モーター, 原動力",名詞,
protein,"たんぱく質, タンパク質",名詞,
profession,"職業, 専門職, 同業者仲間",名詞,
editor,"編集者, 編集長, 論客",名詞,
globe,"地球, 世界, 球, 地球体",名詞,
haven,"避難所, 保護区, 港",名詞,
sacrifice,"犠牲, いけにえ, 捧げ物",名詞,
means,"手段, 資力, 収入, 方法, 財産",名詞,
session,"集まり, 会期, 議会",名詞,
league,"連盟, 同盟",名詞,
contest,"コンテスト, 競技, 争い",名詞,
guard,"警備員, 警備隊, 監視, 警戒",名詞,
divorce,"離婚, 分離, 離婚する",名詞,
liquid,"液体, 流体",名詞,
inequality,"不平等, 不公平な事柄",名詞,
prejudice,"偏見, 先入観",名詞,
justice,"公正, 正義, 司法, 構成, 裁判",名詞,
guideline,"指針, ガイドライン, 指導基準",名詞,
platform,"プラットフォーム, 演壇, 舞台",名詞,
sector,"部門, セクター, 地域, 分野",名詞,
channel,"チャンネル, 伝達経路, 海峡",名詞,
glacier,氷河,名詞,
primate,"霊長目の動物, 霊長類の動物",名詞,
usage,"用法, 語法, 習慣",名詞,
fortune,"財産, 幸運, 運命, 富, 運",名詞,
correlation,"相互関係, 相関",名詞,
classic,"第一級の, 典型的な, 定番の",形容詞,
sacrifice,"犠牲にする, 犠牲, 生け贄",動詞,
liquid,液体の,形容詞,
liberal,"自由主義の, 寛大な",形容詞,
unfamiliar,"不慣れな, 知られていない",形容詞,
subtle,"微妙な, 希薄な, 繊細な",形容詞,
plain,"明らかな, 平易な, 飾りのない",形容詞,
marine,"海の, 船舶の",形容詞,
apparent,"明白な, 一見～らしい",形容詞,
reluctant,"気が進まない, 嫌がる",形容詞,
guilty,"罪悪感のある, 有罪の",動詞,
equivalent,"同等の, 同等のもの",名詞,
elite,"エリート, 精鋭, エリートの",形容詞,
royal,王の,形容詞,
pure,"純粋な, 潔白な, まったくの",形容詞,
incredible,"信じられない, すばらしい",形容詞,
adequate,"十分な, 適切な, 適切で",形容詞,
assess,"を評価する, を査定する",動詞,
approve,"賛成する, を承認する",動詞,
pose,"を引き起こす, を提起する",動詞,
exhibit,"を示す, 見せる, を展示する",動詞,
distribute,"を分配する, 分布する",動詞,
command,"を命じる, を指揮する, 命令",動詞,
pop,"ひょいと動く, 不意に現れる",動詞,
pile,"を積み重ねる, 積み重なる",動詞,
frustrate,"をいら立たせる, を挫折させる",動詞,
relieve,"を和らげる, 安心する",動詞,
wed,"と結婚する, を結婚させる",動詞,
boost,"を押し上げる, を増加させる",動詞,
correspond,"一致する, 相当する, 文通する",動詞,
impose,"を課す, を押しつける",動詞,
rescue,を救う,動詞,
resolve,"を解決する, を決意する",動詞,
register,"を記録する, 登録する",動詞,
interrupt,"を中断させる, 邪魔をする",動詞,
rid,"から取り除く, 除去する",動詞,
prohibit,"を禁止する, 禁じる",動詞,
misunderstand,"誤解する, 勘違いする",動詞,
defend,"を防御する, を弁護する",動詞,
passion,"情熱, 熱中, 激怒, 熱望",名詞,
enthusiasm,"熱情, 熱意, 情熱, 熱狂",名詞,
mode,"方式, 気分, 形態, 流行, 様式",名詞,
guilty,"有罪の, 罪のある",形容詞,
pump,ポンプ,名詞,
span,"期間, 範囲",名詞,
asteroid,"小惑星, ヒトデ, アステロイド",名詞,
core,"核心, 芯, 中心",名詞,
soul,"精神, 魂, 霊魂, 生気, 人",名詞,
nerve,"神経, 神経過敏, 度胸, 神経線",名詞,
mall,【主に米】モール,名詞,
grocery,"食料雑貨, 食料雑貨店, 食料品",名詞,
humor,"ユーモア, 気分, 機嫌, 気質",名詞,
incentive,"動機, 報奨金, 動機付け",名詞,
obstacle,"障害, 妨害, 障害物",名詞,
architecture,"建築, 建築様式, 構造, 建築学",名詞,
stem,"茎, 幹, 生じる",名詞,
illusion,"錯覚, 思い違い, 幻想, 幻覚",名詞,
shame,"恥, 残念なこと, 羞恥, 不名誉",名詞,
drought,"干ばつ, 不足",動詞,
spare,"～をとっておく, なしですます",動詞,
portion,"部分, 1人前, 割り当て",名詞,
recipe,"調理法, レシピ, 手順, 秘訣",名詞,
chip,"小片, 破片, 欠けた箇所",名詞,
ritual,"儀式, 習慣的行為, 式典",名詞,
alert,"警戒している, 警報",動詞,
sake,"のために, の目的で, に免じて",名詞,
prefecture,"県, 府",名詞,
curriculum,"教育課程, カリキュラム",名詞,
drought,干ばつ,名詞,
precious,"貴重な, 高価な, 大切な",形容詞,
casual,"何気ない, 形式ばらない",形容詞,
optimistic,"楽観的な, 前向きな",形容詞,
unpleasant,"不愉快な, 不親切な, 無礼な",形容詞,
Arctic,"北極の, 北極地方",名詞,
ultimate,"究極の, 最後の, 最終の",形容詞,
deaf,"耳が聞こえない, 耳が不自由な",形容詞,
genuine,"本物の, 偽りのない, 純粋な",形容詞,
manual,"体を使う, 手の, 手動式の",動詞,
mechanical,"機械の, 機械的な",形容詞,
instant,"即時の, すぐの, 即席の",形容詞,
spare,"余分の, 予備の",形容詞,
harsh,"厳しい, 不快な, 過酷な",形容詞,
collective,"集団の, 共同の",形容詞,
inevitable,"避けられない, 必然的",形容詞,
manual,"手動の, 手作業のマニュアル",形容詞,
profound,"重大な, 深い, 難解な, 深遠な",形容詞,
steady,"着実な, 一定の, 安定した",形容詞,
mature,"成熟した, 熟した, 大人の",形容詞,
likewise,同様に,副詞,
sue,"を告訴する, 訴訟を起こす",動詞,
gaze,"じっと見る, 凝視する",動詞,
load,"に積む, に負わせる, 積み荷",動詞,
overwhelm,"を圧倒する, を打ちのめす",動詞,
wander,"歩き回る, それる, はぐれる",動詞,
float,"漂う, 浮かぶ, を浮かべる",動詞,
keen,"熱心な, 鋭い",動詞,
substitute,"を代わりに使う, 代理をする",動詞,
pronounce,"を発音する, を宣言する",動詞,
shrink,"縮む, 縮小する, 減少する",動詞,
grab,"をつかむ, を横取りする",動詞,
retain,"を保持する, を覚えている",動詞,
reproduce,"を複製する, を繁殖させる",動詞,
bob,"上下に動く, 急に動く",動詞,
interfere,"干渉する, 介入する, 邪魔する",動詞,
abuse,"乱用, 虐待, ～を乱用する",動詞,
cultivate,"を養う, を耕す, を栽培する",動詞,
underlie,の根底にある,動詞,
anticipate,"を予期する, 楽しみに待つ",動詞,
justify,"を正当化する, 合理化する",動詞,
regulate,"を規制する, を調整する",動詞,
scan,"を走査する, をざっと見る",動詞,
classify,"を分類する, を機密扱いにする",動詞,
pause,"中止する, 立ち止まる",動詞,
bump,"ぶつかる, をぶつける",動詞,
chart,"ひょう, 図",動詞,
pump,をポンプで送り込む,動詞,
mount,"を据えつける, に着手する",動詞,
exceed,"を超える, に勝る, ～を越える",動詞,
undergo,"を経験する, を受ける",動詞,
confront,"に立ち向かう, に立ちはだかる",動詞,
consult,"相談する, を参照する",動詞,
fulfill,"を実現させる, を果たす",動詞,
privilege,"特権, 特典",名詞,
dimension,"側面, 局面, 次元, 寸法",名詞,
neuron,"ニューロン, 神経単位",名詞,
sensation,"感覚, 大評判, 物議, 騒動",名詞,
chart,"図, グラフ, 海図",名詞,
geography,"地理, 地理学",名詞,
panel,"一団, 討論者一同, 羽目板",名詞,
semester,"【主に米】学期, 学期, 学期間",名詞,
workforce,"労働人口, 総労働力, 全従業員",名詞,
mill,"製造工場, 製粉所, 粉ひき機",名詞,
abuse,"乱用, 虐待",名詞,
vice,"悪, 欠点, 副担当の, 代理の",形容詞,
tragedy,"悲劇, 悲惨な出来事, 惨劇",名詞,
scenario,"筋書き, 事態, 脚本",名詞,
allergy,アレルギー,名詞,
wound,"傷, 痛手",名詞,
antibiotic,抗生物質,名詞,
vaccine,"ワクチン, 予防接種",名詞,
metaphor,"隠喩, 比喩",名詞,
fare,"料金, 運賃",名詞,
galaxy,"星雲, 銀河, 銀河系",名詞,
premise,"前提, 建物",名詞,
mineral,"鉱物, ミネラル, 無機物",名詞,
skeleton,"骨格, 骨組み, 概略",名詞,
counterpart,"相当する物, 相当するもの・人",名詞,
pedestrian,歩行者,名詞,
trail,"小道, 跡, 手がかり, 通った跡",名詞,
instant,"瞬間, 瞬時",名詞,
ecology,"生態学, 生態系, 環境保護",名詞,
sibling,"きょうだい, 兄弟, 兄弟姉妹",名詞,
ratio,比率,名詞,
charm,"魅力, お守り, 引力, 呪文",名詞,
ambition,"願望, 野望, 野心, 夢, 大望",名詞,
prominent,"卓越した, 目立つ, 目立った",形容詞,
informal,"形式ばらない, 略式の",形容詞,
mutual,"相互の, 共通の, 互いの",形容詞,
neutral,"中立の, はっきりしない",形容詞,
alert,"警戒して, 敏速な",形容詞,
magnetic,"磁気の, 磁石の",形容詞,
queue,"列を作る, 並ぶ",動詞,
polar,"極地の, 電極の",形容詞,
fluent,"流ちょうな, 流暢な",形容詞,
external,"外部の, 対外的な, 外側の",形容詞,
passive,"受動的な, 消極的な, 受身の",形容詞,
unrelated,"無関係の, 血縁関係がない",形容詞,
fake,"偽の, 見せかけだけの, 偽物の",形容詞,
wound,～を負傷させる,動詞,
spiritual,"精神の, 霊的な, 心の",形容詞,
modest,"謙虚な, 適度な, 質素な",形容詞,
keen,"熱心な, 鋭敏な, 強い",形容詞,
nonetheless,それにもかかわらず,副詞,
grasp,"を把握する, をしっかり握る",動詞,
adolescent,"思春期の, 十代の, 十代の若者",形容詞,
tap,"を軽くたたく, を出す",動詞,
resort,訴える行楽地,名詞,
forecast,"を予想する, 予測する",動詞,
overlook,"を見落とす, を大目に見る",動詞,
substitute,"代用品, 代わりに用いる",名詞,
burst,"破裂する, 突然始める, 破れる",動詞,
log,"丸太, 円木, 日誌",名詞,
heal,"を治す, 治る, 癒す",動詞,
forbid,を禁じる,動詞,
bully,いじめっ子,名詞,
diminish,"を減らす, 減少する, 減る",動詞,
cite,"を引き合いに出す, を引用する",動詞,
quote,"を引用する, を引き合いに出す",動詞,
dispute,"に異議を唱える, 議論する",動詞,
distract,"をそらす, 気を散らす",動詞,
cheat,"をだます, 不正をする",動詞,
foster,"をはぐくむ, を養育する, 育む",動詞,
dispute,"争議, 論争する, 口論, 議論",名詞,
obey,"に従う, に服従する",動詞,
deprive,"から奪う, 奪う",動詞,
log,"ログオンする, を記録する",動詞,
transmit,"を伝える, を送る, 送信する",動詞,
bully,"をいじめる, を脅す",動詞,
leap,"跳ぶ, さっと動く, 急上昇する",動詞,
astonish,"を驚かす, ひどく驚かす",動詞,
thrill,"をぞくぞくさせる, 興奮",動詞,
nod,"うなずく, 会釈する",動詞,
bow,"おじぎする, 屈服する, おじぎ",動詞,
blend,"を混ぜる, を調和させる",動詞,
complicate,を複雑にする,動詞,
persist,"続く, 固執する, ねばる",動詞,
dedicate,"をささげる, を献呈する",動詞,
equip,"に備えつける, に備え付ける",動詞,
premise,"前提, 構内, 敷地, 仮定",動詞,
input,"入力, 投入, 提供",名詞,
merit,"利点, 功績, 真価, 長所",名詞,
compliment,"賛辞, 表敬, 褒め言葉, お世辞",名詞,
infrastructure,"インフラ, 基本的施設, 基盤",名詞,
ray,"光線, ひらめき, 一筋の光明",名詞,
distress,"苦悩, 苦痛, 困窮, 貧困",名詞,
expedition,"遠征, 探検",名詞,
adolescent,"青年, 青年期の, 思春期の",名詞,
ethic,"倫理, 道徳, 倫理規範",名詞,
penalty,"罰, 罰金, ペナルティー, 刑罰",名詞,
faculty,"能力, 機能, 学部, 教授陣",名詞,
nutrition,"栄養, 栄養素",名詞,
particle,"粒子, ほんのわずか, 分子",名詞,
molecule,"分子, 微粒子",名詞,
nationality,"国籍, 国民, 国民性",名詞,
grateful,感謝して,形容詞,
clinic,"診療所, クリニック, ～科",名詞,
narrative,"物語, 話",名詞,
dementia,"認知症, 記憶障害",名詞,
fatigue,疲労,名詞,
dilemma,"ジレンマ, 板ばさみ, 板挾み",名詞,
queue,"【英】列, 行列",名詞,
curve,"カーブ, 曲線",名詞,
charm,"魅力, を魅了する",動詞,
narrative,"物語, 話, 叙述部分, 地の文",形容詞,
acid,酸,名詞,
fingerprint,指紋,名詞,
file,"ファイル, とじ込み",名詞,
wilderness,"荒野, 放置された部分",名詞,
pesticide,"殺虫剤, 除草剤",名詞,
panic,"パニック, 狼狽",名詞,
fantasy,"空想, 幻想, 幻想的作品",名詞,
fancy,"好み, 空想, 思いつき, 想像",名詞,
virtue,"美徳, 長所, 効能, 徳, 道徳",名詞,
grateful,"感謝している, ありがたく思う",動詞,
valid,"妥当な, 有効な, 正当な",形容詞,
elaborate,"入念な, 凝った, 手の込んだ",形容詞,
moderate,"適度な, 穏健な, 適度の",形容詞,
dynamic,"活動的な, 精力的な, 動的な",形容詞,
tremendous,"途方もない, 莫大な, 凄まじい",形容詞,
oral,"口頭の, 口の",形容詞,
subsequent,"その後の, その次の, 次の",形容詞,
shallow,"浅い, 浅薄な, 浅はかな",形容詞,
indifferent,"無関心な, 冷淡な",形容詞,
inferior,"より劣った, 劣った, 劣る",形容詞,
supplement,"～を補う, 補うもの",動詞,
awkward,"気まずい, ぎこちない, 厄介な",形容詞,
obese,"肥満した, 肥満体の",形容詞,
intimate,"親密な, 密接な, 親しい",形容詞,
medieval,"中世の, 時代遅れの",形容詞,
sacred,"神聖な, 宗教的な, 厳粛な",形容詞,
simultaneously,"同時に, 一斉に",副詞,
versus,"A対B, AかBか",名詞,
proceed,"進む, 進行する, 続行する",動詞,
orient,"を慣らす, 向いている, 東洋",名詞,
surf,"を見て回る, サーフィンをする",動詞,
filter,"をろ過する, を取り除く",動詞,
resort,"訴える, 頼る",動詞,
reinforce,"を強化する, を補強する",動詞,
accumulate,"を蓄積する, 集める, 積もる",動詞,
constitute,"を構成する, になる, に等しい",動詞,
dye,染料,名詞,
undertake,"を引き受ける, を保証する",動詞,
grip,"を握る, をとらえる",動詞,
fade,"薄れる, 衰える, 衰退する",動詞,
conceal,"を隠す, を秘密にする, 隠れる",動詞,
swallow,"飲み込む, をうのみにする",動詞,
seal,"を密閉する, に封をする",動詞,
migrate,"移住する, 渡る, 移行する",動詞,
exaggerate,"誇張する, を強調する",動詞,
vanish,"消える, 消滅する",動詞,
polish,"を磨く, を洗練させる",動詞,
sweep,"掃く, を一掃する, 払う",動詞,
mislead,"を誤解させる, 欺く",動詞,
spoil,"を台無しにする, を甘やかす",動詞,
explode,"爆発する, 急増する, 破裂する",動詞,
disgust,"をむかつかせる, 嫌悪",動詞,
commute,"通勤する, 取り替える",動詞,
decorate,を装飾する,動詞,
postpone,"を延期する, を先送りする",動詞,
cease,"をやめる, 終わる, 中止する",動詞,
extract,"を取り出す, を抜粋する",動詞,
inherit,"を受け継ぐ, を相続する",動詞,
rear,"を育てる, 後部の, 背後の",形容詞,
empathy,"感情移入, 共感",名詞,
cue,"合図, 手がかり, キュー, 指図",名詞,
enterprise,"企業, 事業, 企画, 進取の気性",名詞,
output,"生産, 出力, 排出, 生産量",名詞,
millennium,"千年間, 千年紀",名詞,
mankind,人類,名詞,
Muslim,"イスラム教徒, ムスリム",名詞,
landmine,地雷,名詞,
caution,"用心, 警告",名詞,
controversy,"論争, 議論",名詞,
consensus,"総意, 一致, 同意, 意見の一致",名詞,
retail,小売り,名詞,
scent,"香り, 香水",名詞,
beverage,"飲み物, 飲料",名詞,
supplement,"栄養補助剤, サプリメント",名詞,
diabetes,"糖尿病, 高血糖症",名詞,
reef,"礁, 暗礁",名詞,
microbe,"微生物, 細菌",名詞,
excess,"過剰, 超過, 過剰な",名詞,
gallery,"美術館, 画廊, 観客, 回廊",名詞,
fame,名声,名詞,
undergraduate,"学部学生, 大学生, 学部生",名詞,
rear,～を育てる,動詞,
slavery,"奴隷制度, 苦役",名詞,
prey,"獲物, 犠牲者, 餌食, 捕食する",名詞,
retreat,"後退, 退却, 撤回",名詞,
grave,"墓, 死, 墓地",名詞,
column,"コラム, 欄, 円柱, 列, 柱, 段",名詞,
scenery,"景色, 背景",名詞,
excess,過ぎる,動詞,
plot,"筋, 陰謀, 話の筋, 物語の筋",名詞,
tablet,"タブレット, 錠剤, 平板",名詞,
dense,"密集した, 密度の高い, 濃い",形容詞,
exotic,"外来の, 異国風の, 異国情緒の",形容詞,
acid,"酸性の, 酸っぱい, 辛辣な",形容詞,
sensible,"賢明な, 実用的な, 顕著な",形容詞,
noble,"高貴な, 堂々とした, 高潔な",形容詞,
parallel,"平行の, 類似した, 並行の",形容詞,
tense,"張り詰めた, 緊張した",形容詞,
vertical,"垂直の, 縦方向の, 縦の",形容詞,
indigenous,"原産の, 先住の, 固有の",形容詞,
aboriginal,"アボリジニの, 原生の, 先住の",形容詞,
seasonal,"季節の, 季節的な",形容詞,
abundant,"豊富な, 富む",形容詞,
hybrid,"ハイブリッドの, 雑種の",形容詞,
irrelevant,"無関係の, 見当違いの",形容詞,
ridiculous,"ばかげた, 法外な, 不合理な",形容詞,
fairy,妖精の,名詞,
sensory,感覚の,形容詞,
chronic,"慢性の, 長引く, 常習の",形容詞,
voluntary,"自発的な, 無償の, 自主的な",形容詞,
inclined,"傾向がある, 傾いた",動詞,
infer,"を推論する, 推測する, 考える",動詞,
tense,"時制, 時間体系",名詞,
retail,小売りの,形容詞,
esteem,"を尊敬する, を見なす, 敬う",動詞,
tackle,"に取り組む, と話をつける",動詞,
accelerate,"を加速させる, 促進する",動詞,
accustom,を慣れさせる,動詞,
amuse,をおもしろがらせる,動詞,
flourish,"繁栄する, 繁茂する",動詞,
thrive,"繁栄する, うまくいく",動詞,
nurture,"をはぐくむ, を養成する, 育む",動詞,
click,クリックする,動詞,
spin,"回転する, を回転させる",動詞,
sensible,"分別のある, 賢明な",動詞,
clip,"を切り抜く, を切り取る, 切る",動詞,
drag,"を引きずる, ぐずぐずする",動詞,
scatter,"をまき散らす, 分散する",動詞,
tempt,"を気にさせる, を引きつける",動詞,
yawn,"あくびをする, 欠伸をする",動詞,
blink,"まばたきする, 点滅する",動詞,
dye,"を染める, 染まる",動詞,
acquaintance,知り合い,形容詞,
irritate,"をいらいらさせる, 怒らせる",動詞,
enforce,"を施行する, を強制する",動詞,
rob,"から奪う, 強奪する",動詞,
suspend,"を停職にする, つるす",動詞,
forgive,"を許す, を免除する",動詞,
revise,"を修正する, を改訂する",動詞,
recruit,"を募る, に新人を補充する",動詞,
twist,"をねじる, ひねる, を歪曲する",動詞,
crush,"を押しつぶす, を弾圧する",動詞,
grave,"墓, 深刻な",形容詞,
pin,"をピンで留める, を突き刺す",動詞,
uncover,"を暴く, を発掘する",動詞,
exploit,"を活用する, を搾取する",動詞,
integrate,"を統合する, 融合する",動詞,
profile,"人物の紹介, 横顔, 輪郭",名詞,
appetite,"食欲, 欲求, 食い気",名詞,
impulse,"衝動, 刺激, 衝力",名詞,
script,"台本, 筆跡",名詞,
cortex,"皮質, 樹皮",名詞,
syndrome,"症候群, ～現象",名詞,
utility,"公共事業, 公共料金, 実用性",名詞,
cattle,牛,名詞,
retreat,"退却する, 退却",動詞,
herd,"群れ, 群衆, 集団",名詞,
fluid,"流動体, 液体",名詞,
pity,"残念なこと, 哀れみ, 同情",名詞,
priest,"聖職者, 牧師, 司祭",名詞,
acquaintance,"知人, 面識, 知識, 友人",名詞,
offspring,"子孫, 子, 成果",名詞,
inclined,"傾いた, がちで",形容詞,
famine,"飢饉, ひどい不足, 食料不足",名詞,
deforestation,森林伐採,名詞,
commodity,"商品, 有用なもの, 日用品",名詞,
format,"書式, 形式, 型",名詞,
recipient,"受け取る人, 被提供者, 受取人",名詞,
drill,"訓練, 練習, ドリル, 錐",名詞,
inability,"無能, 無力",名詞,
republic,"共和国, 共和制, 共和制国家",名詞,
debris,"残骸, 瓦礫, がらくた, 破片",名詞,
bug,"病原菌, 虫, 盗聴器, 欠陥",名詞,
fraction,"わずか, 一部, 分数, 一部分",名詞,
intuition,"直観, 直感",名詞,
motive,"動機, 意欲",名詞,
consent,"同意, 承諾",名詞,
hierarchy,"階層制, 支配層, 階層, 階級制",名詞,
monument,"記念碑, 遺跡, 金字塔",名詞,
decent,"まずまずの, きちんとした",形容詞,
feast,"ごちそう, 宴会",動詞,
competent,"有能な, 適任の, 満足できる",形容詞,
straightforward,"単純な, 率直な",形容詞,
cosmetic,"化粧の, 美容の, うわべの",形容詞,
exploit,"偉業, 業績",名詞,
fluid,"流動体, 流動性の",形容詞,
delicate,"繊細な, 扱いにくい, もろい",形容詞,
transparent,"透明な, 明快な",形容詞,
aesthetic,"美的な, 美学の",形容詞,
deliberate,"故意の, 慎重な, 意図的な",形容詞,
pity,"あわれむ, 残念なこと",動詞,
demographic,"人口統計学の, 人口統計の",形容詞,
prehistoric,"有史以前の, 旧式な",形容詞,
innate,"生まれながらの, 固有の",形容詞,
mild,"穏やかな, 軽い",形容詞,
toxic,"有毒な, 中毒性の, 毒性の",形容詞,
humble,"謙虚な, 質素な, 身分が低い",形容詞,
peculiar,"特有の, 特異な, 奇妙な",形容詞,
steep,"急な, 急激な, 法外な, 険しい",形容詞,
trivial,"ささいな, 取るに足りない",形容詞,
magnificent,"壮大な, 見事な",形容詞,
wireless,"無線の, ラジオの",形容詞,
ongoing,"継続している, 進行中の",動詞,
twist,"ねじれ, より合わせる",名詞/動詞,
innate,"生まれつき持っている, 固有の",動詞,
assure,"に自信を持って言う, 確証する",動詞,
precede,"に先行する, に優先する",動詞,
revive,"を復活させる, 復活する",動詞,
compel,"に強いる, 無理にさせる",動詞,
blossom,"花が咲く, 発展する",動詞,
terrify,"を怖がらせる, を脅かす",動詞,
