auditorium,講堂,名詞,
experienced,経験した,動詞,
attendee,出席者,名詞,
brochure,小冊子,名詞,
culinary,料理の,形容詞,
flyer,チラシ,名詞,
satisfied,満足した,動詞,
further,さらに,動詞,
operating,作動している,動詞,
mentoring,助言している,動詞,
permitted,許可した,動詞,
miss,間違う,動詞,
exercise,"練習する, 練習, 運動",動詞,
response,"反応, 返答",名詞,
sheet,用紙,名詞,
intended,意図した,動詞,
unavailable,使えない,形容詞,
reserved,予約した,動詞,
chain,くさり,名詞,
painter,画家,名詞,
decided,決定した,動詞,
advanced,進んだ,形容詞,
followed,従った,動詞,
original,"当初の, 原文",形容詞,
spent,消費した,形容詞,
among,～の中で,副詞,
standard,"標準, 基準, 水準",名詞,
selected,選択した,動詞,
complimentary,"無料の, 賞賛の, 敬意を表する",形容詞,
voice,声,名詞,
reduced,削減した,動詞,
recommended,推薦した,動詞,
preferred,好んだ,形容詞,
returned,返った,動詞,
effort,努力,名詞,
compensation,"補償, 賠償",名詞,
quotation,"見積, 引用, 見積り",名詞,
warehouse,倉庫,名詞,
baked,焼いた,形容詞,
periodical,定期的に,副詞,
age,"年齢, 時代",名詞,
conducting,導いている,動詞,
submitting,提出している,動詞,
repaired,修復した,動詞,
regulations,規制,名詞,
caused,引き起こした,動詞,
announcement,"発表, 告知",名詞,
encouraged,励ました,動詞,
unclear,はっきりしない,形容詞,
conveniently,便利に,副詞,
developed,開発された,動詞,
single,"一つの, 一人の, 独身の",形容詞,
follow,の後を追う,動詞,
along,に沿って,副詞,
noticed,気づいた,形容詞,
accountant,会計士,名詞,
conducted,導かれた,形容詞,
convention,"会議, 慣習, 因習, しきたり",名詞,
housing,住宅,名詞,
lease,貸す,動詞,
rate,"割合, 速度, ～を評価する",動詞,
regularly,"規則的に, 定期的に",副詞,
congratulation,祝福,名詞,
replaced,置き換えた,動詞,
renowned,有名な,形容詞,
participation,参加,名詞,
appreciation,"感謝, 称賛",名詞,
skin,"皮膚, 皮膜",名詞,
comparable,"比較できる, 比べられる",動詞,
rate,"率, 割合",名詞,
implied,暗示した,動詞,
greeting,あいさつ,動詞,
either,～でない,形容詞,
exhibitor,展示者,名詞,
private,"個人的な, 私的な",形容詞,
voucher,引換券,名詞,
surprise,"を驚かせる, 驚き",動詞,
workplace,職場,名詞,
volunteer,"ボランティア, 志願兵",名詞,
designer,"設計者, デザイナー",名詞,
orientation,"適応, 順応, 方向付け",名詞,
partner,"伴侶, 相方",名詞,
advertisements,広告,名詞,
identification,身分証明書,名詞,
implemented,実行された,動詞,
reimbursement,"返済, 償還, 返金",名詞,
terms,"期間, 用語",名詞,
applicant,"応募者, 候補者",名詞,
catering,"出前, 仕出し, 配膳, 食事提供",名詞,
instructed,指示された,動詞,
garage,倉庫,名詞,
subscription,"購読, 寄付",名詞,
requirement,"要求される事柄, 必要なもの",名詞,
accepted,受け入れられた,形容詞,
affected,影響を受けた,形容詞,
considering,考慮している,動詞,
provider,"生産者, 供給者, 製造者",名詞,
reschedule,再度計画する,動詞,
boulevard,大通り,名詞,
institute,"～を制定する, 協会, 研究所",動詞,
informed,知らせた,形容詞,
departure,出発,名詞,
coupon,割引購入権,名詞,
direct,直接の,形容詞,
administrative,"行政の, 運営の, 管理の",形容詞,
considered,考慮された,動詞,
trained,訓練された,動詞,
listed,上場した,動詞,
expecting,期待している,動詞,
increasing,増加している,動詞,
simply,単に,副詞,
organized,組織された,動詞,
keynote,"要旨, 基本方針",名詞,
retired,引退した,動詞,
united,一致団結した,動詞,
reviewing,見直している,動詞,
attachment,"付属物, 添付",名詞,
kitchenware,台所用品,名詞,
processor,処理装置,名詞,
displayed,表示された,動詞,
reported,報告された,動詞,
impressed,"感動した, 印象付けられた",形容詞,
detergent,洗剤,名詞,
placid,"穏かな, 穏やかな, 温和な",形容詞,
porch,玄関,名詞,
tool,"道具, 工具",名詞,
relocation,移転,名詞,
entry,入場,名詞,
itinerary,旅程,名詞,
poorly,かわいそうに,副詞,
arranged,手配された,動詞,
luncheon,"昼食, 正午頃に食べる食事",名詞,
compared,比較された,動詞,
activate,作動させる,動詞,
expanded,拡大された,動詞,
affordable,"入手できる, お金の足りる",動詞,
relocate,移転させる,動詞,
supposed,想定した,動詞,
baggage,荷物,名詞,
convenience,便利,名詞,
directory,住所氏名録,名詞,
artwork,芸術作品,名詞,
congratulate,"お祝いする, 祝う",動詞,
institute,研究所,名詞,
productivity,生産性,名詞,
participated,参加した,動詞,
athletic,競技の,形容詞,
spokesperson,"代弁者, 代表者",名詞,
diverse,"多様な, 多種多様な",形容詞,
thoroughly,"徹底的に, 完全に",副詞,
delighted,喜んで,副詞,
exceptional,並外れた,形容詞,
CEO,代表取締役,名詞,
residential,居住の,形容詞,
reminder,"催促, 注意喚起",名詞,
long-term,長期的な,形容詞,
anticipated,期待した,動詞,
notification,通知,名詞,
thus,"このように, それ故に",副詞,
pastry,パン菓子,名詞,
highly,"とても, 高く",副詞,
botanical,植物の,形容詞,
lovely,美しい,形容詞,
supplier,"供給者, 供給元",名詞,
machinery,"機械, 機械類",名詞,
coworker,同僚,名詞,
salesperson,販売員,名詞,
receptionist,受付係,名詞,
inconvenient,不便な,形容詞,
incomplete,不完全な,形容詞,
reimburse,弁償する,動詞,
promotional,販促の,形容詞,
closure,閉鎖,名詞,
authorize,許可する,動詞,
portfolio,人物像,名詞,
inspiration,"ひらめき, 思い付き",名詞,
profitable,"利益のある, 収益性の高い",動詞,
curator,"学芸員, 学芸スタッフ",名詞,
expertise,専門知識,名詞,
showcase,陳列棚,名詞,
bottom,底,名詞,
multinational,"多国籍の, 複数の国籍からなる",形容詞,
specifically,特に,副詞,
vacate,逃げる,動詞,
inexpensive,安価な,形容詞,
arena,舞台,名詞,
qualification,資格,名詞,
promptly,早速,副詞,
clearly,明確に,副詞,
Asia,アジア,名詞,
lagoon,環礁,名詞,
submission,提出,名詞,
attentive,注意深い,形容詞,
ordinance,"条例, 法令",名詞,
kettle,やかん,名詞,
dirt,泥,名詞,
crisp,"新鮮な, さっぱりした",形容詞,
evenly,均等に,副詞,
feasible,"実行可能な, 可能性のある",形容詞,
ownership,所有権,名詞,
retailer,小売業者,名詞,
confidential,機密の,形容詞,
wholesale,卸し,名詞,
valuation,評価,名詞,
specification,仕様,名詞,
Mercury,水星,名詞,
ash,灰,名詞,
shareholder,株主,名詞,
exporter,輸出者,名詞,
upstairs,上階,名詞,
scene,場面,名詞,
competence,"力量, 能力",名詞,
faithfully,忠実に,副詞,
primarily,主として,副詞,
subsidiary,子会社,名詞,
retention,保持,名詞,
downside,欠点,名詞,
query,疑問,名詞,
cupboard,"食器棚, 食器収納",名詞,
drawer,引き出し,名詞,
applicable,該当する,動詞,
capability,容量,名詞,
conservative,保守的な,形容詞,
acquisition,取得,名詞,
vent,排出口,名詞,
overtime,"延長時間, 残業",名詞,
outage,"停電, 電力断",名詞,
rebate,"払い戻し, 払戻す",動詞,
fiction,創作,名詞,
referral,照会,名詞,
disappointment,"失望, 期待外れ",名詞,
friendliness,親しみやすさ,名詞,
fund-raising,資金調達,動詞,
calculation,計算,名詞,
pharmacy,薬局,名詞,
preservation,保存,名詞,
disruption,破壊,名詞,
supervise,"監督する, ～を監視する",動詞,
academy,"学会, 協会",名詞,
supervision,"監督, 指導者",名詞,
apprenticeship,見習い,形容詞,
troubleshooting,問題処理,動詞,
verification,"立証, 証明",名詞,
ore,鉱石,名詞,
kitchenette,簡易キッチン,名詞,
acclaim,称賛する,動詞,
edition,版,名詞,
pier,桟橋,名詞,
residence,"住宅, 住居, 居住, 居住地",名詞,
utopia,理想郷,名詞,
refurbish,改修する,動詞,
delicatessen,惣菜,名詞,
walkway,歩道,名詞,
comprehension,理解,名詞,
lifetime,寿命,名詞,
iris,虹彩,名詞,
frequency,"周波数, 頻度, 頻繁",名詞,
optics,"光学, 光の学問",名詞,
contributor,"貢献者, 寄与者",名詞,
engagement,約束,名詞,
array,"整列させる, 並べる",動詞,
addendum,"追加, 付録",名詞,
purse,財布,名詞,
wheat,小麦,名詞,
booking,予約,名詞,
loosen,緩む,動詞,
admiration,"感心, 称賛",名詞,
shuttle,往復運転で運ぶ,動詞,
saving,"貯蓄, 値引き",名詞,
feedback,反応,名詞,
ladder,はしご,名詞,
determination,"決定, 決意, 決断",名詞,
foresee,"予見する, 予測する",動詞,
sew,縫う,動詞,
vase,花瓶,名詞,
patio,"テラス, 中庭",名詞,
takeoff,"離陸, 出発",名詞,
lighthouse,"灯台, 燈台",名詞,
fountain,噴水,名詞,
transact,"を行う, ～を処理する",動詞,
probability,"確率, 可能性",名詞,
expiration,"期限切れ, 終了",名詞,
unload,を降ろす,動詞,
theme,"テーマ, 論題, 主題",名詞,
paperwork,"書類, 書類作業",名詞,
initiate,"開始する, 始める",動詞,
administer,"管理する, 運営する",動詞,
consortium,連合,名詞,
affiliate,連携させる,動詞,
clutter,"乱雑, 無秩序, 混乱",名詞,
conglomerate,密集した,形容詞,
membrane,膜,名詞,
equation,方程式,名詞,
treasury,宝庫,名詞,
remuneration,報酬,名詞,
indemnity,補償,名詞,
variable,変化しやすい,形容詞,
crate,"箱, 容器",名詞,
dividend,配当,名詞,
inlet,入り江,名詞,
motivate,動機付ける,動詞,
consolidate,"統合する, 合併する",動詞,
solvent,"溶媒, 溶剤",名詞,
consolidation,統合,名詞,
transmission,伝送,名詞,
tighten,"締める, 絞る",動詞,
procurement,"調達, 供給",名詞,
arbitration,仲裁,名詞,
unity,"団結, 結束, 統一",名詞,
lawsuit,訴訟,名詞,
liability,"責任, 責務",名詞,
hydrogen,水素,名詞,
victory,"勝ち, 勝利",名詞,
termination,"終了, 終わり",名詞,
convergence,"収束, 集約, 集中",名詞,
debit,借り方,名詞,
compliance,社会規範,名詞,
implementation,実装,名詞,
expenditure,支出,名詞,
indicator,指示者,名詞,
restructure,再構築する,動詞,
framework,骨格,名詞,
equity,"公平, 普通株",名詞,
marriage,結婚,名詞,
reckon,"計算する, ～を推定する",動詞,
diligence,勤勉,名詞,
church,教会,名詞,
casualty,犠牲者,名詞,
cavalry,騎兵,名詞,
regulator,規定者,名詞,
administrator,管理者,名詞,
skid,"滑り止め, 横滑り",名詞,
allot,割り当てる,動詞,
memorandum,覚え書き,名詞,
pulp,"果肉, 果実の肉",名詞,
landlord,家主,名詞,
stitch,"一編み, ひと編み, 縫い目",名詞,
pharmaceutical,医薬品の,形容詞,
breach,違反,名詞,
consignment,"委託, 委託品",名詞,
stability,"安定, 安定性, 平穏, 均衡",名詞,
perk,ぴんと上げる,動詞,
pursuant,"に従って, 従い",形容詞,
tunnel,トンネル,名詞,
appraisal,"鑑定, 見積もり",名詞,
variance,"相違, 分散",名詞,
profitability,収益性,名詞,
overhead,間接の,形容詞,
takeover,"引継ぎ, 買収",名詞,
bankruptcy,倒産,名詞,
capitalisation,資本化,名詞,
clause,"節, 条項",名詞,
appraisee,鑑定人,名詞,
clearance,"片付け, 除去",名詞,
cargo,貨物,名詞,
cashflow,現金流量,名詞,
arbitrator,仲裁人,名詞,
stockholder,株主,名詞,
trademark,商標,名詞,
depot,"停車場, 倉庫",名詞,
demerger,解体,名詞,
spec,仕様,名詞,
turnover,"売上高, 転職率",名詞,
layoff,解雇,名詞,
insolvency,債務超過,名詞,
accession,"接近, 加盟",名詞,
brokerage,仲介,名詞,
privatization,民営化,名詞,
liquidity,流動性,名詞,
trillion,兆,名詞,
accountancy,会計職,名詞,
niche,適所,名詞,
speculator,投機家,名詞,
equities,株式,名詞,
enhancement,強化,名詞,
creditor,債権者,名詞,
depreciation,減価償却,名詞,
insurer,保険会社,名詞,
overdraft,当座貸越,名詞,
emulation,"競争, 対抗",名詞,
allegation,申し立て,名詞,
receivables,債権,名詞,
synergy,相乗効果,名詞,
deregulation,規制緩和,名詞,
digit,桁,名詞,
scaffolding,足場,名詞,
borrowing,借入,名詞,
underwrite,保険債務を負う,動詞,
incur,"負う, 招く",動詞,
liquidate,"現金化する, 清算する",動詞,
orientate,方向づける,動詞,
interface,接点,名詞,
outsource,外注する,動詞,
parcel,小包,名詞,
outlaw,無法者,名詞,
benchmark,基準,名詞,
solvent,支払い能力のある,動詞,
count,"～を数える, 重要である",動詞,
trifle,"ささいな事, くだらない事",名詞,
eminent,著名な,形容詞,
specify,～を特定する,動詞,
subdue,"～を征服する, 支配する",動詞,
base,"土台, 基礎",名詞,
ground,"運動場, 地面, 根拠, 理由",名詞,
superb,"すばらしい, 見事な",形容詞,
diffuse,"～をまき散らす, 分散する",動詞,
incline,"～を傾ける, 気持ちにさせる",動詞,
free,"自由な, 無料の, 暇な",形容詞,
discard,～を捨てる,動詞,
cage,"檻, かご, おり",名詞,
performance,"実行, 業績, 演技, 演奏",名詞,
hardship,"苦難, 苦労",名詞,
gift,"贈り物, 才能",名詞,
endeavor,"努力, 試み, 努力する, 試みる",動詞,
persevere,ねばる,動詞,
abruptly,"不意に, 突然",副詞,
epoch,"新時代, 時代の幕開け, 時代",名詞,
posterior,後の,名詞,
simultaneous,"同時の, 同時に起こる",形容詞,
recede,後退する,動詞,
extravagant,"金遣いの荒い, 過度の, 法外な",形容詞,
area,"地域, 領域",名詞,
intrude,"侵入する, 侵害する",動詞,
emigrate,移住する,動詞,
spot,"場所, ～を突き止める",動詞,
aside,脇に,名詞,
genre,"ジャンル, 酒類",名詞,
glory,栄光,名詞,
rot,"腐る, 腐敗する",動詞,
fraud,"詐欺, 不正行為",名詞,
perish,"消滅する, 死ぬ, 滅びる",動詞,
extinguish,"～を消す, を絶滅させる",動詞,
catastrophe,"破滅, 大惨事",名詞,
wait,"待つ, 仕える, 給仕する",動詞,
odds,"見込み, 勝算",名詞,
marry,～と結婚する,動詞,
risk,"危険, リスク",動詞,
board,"板, 委員会, ～に搭乗する",動詞,
lay,"～を横たえる, 置く",動詞,
idle,"何もしていない, 無用の",形容詞,
literate,"読み書きができる, 教養のある",動詞,
monologue,独白,名詞,
verb,動詞,名詞,
adjective,"形容詞, 形容する言葉",形容詞,
subscribe,定期購読する,動詞,
prose,散文,名詞,
poetry,詩,名詞,
accent,"訛り, 方言",名詞,
geology,"地質学, 岩石の科学",名詞,
astrology,占星術,名詞,
botany,植物学,名詞,
posterior,後部の,形容詞,
exclaim,"～と叫ぶ, 絶叫する",動詞,
proclaim,～を宣言する,動詞,
grumble,不満を言う,動詞,
endeavor,努力,名詞,
retrospect,"追想, 回想",名詞,
spectacle,"見世物, 光景, 眼鏡, 壮観",名詞,
concede,"～を認める, 譲歩する",動詞,
omit,"省く, 省略する",動詞,
dominant,"支配的な, より優位にたつ",形容詞,
control,"～を抑制する, 支配する, 抑制",動詞,
menace,脅威,名詞,
sense,"感覚, 判断力, 思慮, 意味",動詞,
audible,聞こえる,動詞,
rejoice,喜ぶ,動詞,
gratify,喜ばせる,動詞,
fury,怒り,名詞,
lament,"悲しみ嘆く, 嘆く, 悲しむ",動詞,
sin,罪,名詞,
ethics,倫理,名詞,
detain,拘留する,動詞,
testify,証言する,動詞,
deter,抑止する,動詞,
dual,"２つの, 二重の",形容詞,
duplicate,"複製する, 複写する",動詞,
innumerable,無数の,形容詞,
volume,"容積, 量, かさ, 本, １巻",名詞,
total,"完全な, 合計の, 合計",形容詞,
utmost,"最大の, 最大限の",形容詞,
subtract,引く,動詞,
multiply,"掛ける, 掛け算する, 乗算する",動詞,
multitude,"多数, 大勢, 多く",名詞,
average,"平均の, 普通の, 平均",形容詞,
beast,"獣, 動物",名詞,
brute,"獣, 動物, 畜生",名詞,
viewpoint,"観点, 見地",名詞,
standpoint,"立場, 観点",名詞,
cognition,"認識, 認知",名詞,
wit,"機転, 知力",名詞,
contemplation,"熟考, 沈思",名詞,
meditate,"瞑想する, 深く考える",動詞,
recollect,思い出す,動詞,
toddler,"幼児, 小児",名詞,
adult,"大人, 大人の",形容詞,
maternity,母性,名詞,
birthrate,出生率,名詞,
career,"職歴, キャリア",名詞,
farewell,"お別れ, 別れ",名詞,
enthusiastic,熱狂的な,形容詞,
coffin,棺桶,名詞,
corpse,死体,名詞,
heir,"相続人, 跡取り, 承継者",名詞,
self,自己,名詞,
acquainted,知り合いである,動詞,
scorn,軽蔑,名詞,
despise,軽蔑する,動詞,
hatred,憎悪,名詞,
humiliate,屈辱を与える,動詞,
durable,"耐久性のある, 長持ちする",動詞,
flatter,"おだてる, お世辞を言う",動詞,
gratitude,感謝,名詞,
adore,"崇拝する, 敬愛する",動詞,
nuisance,"迷惑行為, 迷惑な人",名詞,
test,"テスト, 判断基準",名詞,
class,"クラス, 授業, 階級, 分類",名詞,
indulge,"～を没頭させる, 耽る",動詞,
act,"行動する, 行動, 法令",動詞,
enact,～を制定する,動詞,
conserve,"～を保存する, 守る",動詞,
monarchy,君主政治,名詞,
aristocracy,"貴族階級, 貴族社会",名詞,
bureaucracy,"官僚, 官僚主義",名詞,
communism,共産主義,名詞,
socialism,社会主義,名詞,
nationalism,国家主義,名詞,
patriotism,"愛国主義, 愛国心, 忠誠心",名詞,
tyranny,"専制政治, 暴政, 圧政",名詞,
diplomat,"外交官, 外交官僚",名詞,
ambassador,大使,名詞,
legislate,法律を制定する,動詞,
barren,"不毛な, 実を結ばない",形容詞,
weed,雑草,動詞,
sow,"～をまく, 種をまく",動詞,
plow,"鍬, ～を耕す",動詞,
peasant,"小作農, 農夫, 農民",名詞,
chill,冷たさ,名詞,
ranch,牧場,名詞,
media,"メディア, 媒体",名詞,
journalism,"ジャーナリズム, 報道",名詞,
Internet,インターネット,名詞,
edit,～を編集する,動詞,
cartoon,"漫画, アニメ",名詞,
vein,"血管, 静脈",名詞,
artery,動脈,名詞,
ache,痛む,動詞,
fever,熱,名詞,
paralyze,～麻痺させる,動詞,
infect,～に感染させる,動詞,
organism,"生物, 生命体",名詞,
clone,"クローン, ～のクローンを作る",動詞,
anatomy,解剖学,名詞,
vapor,"蒸気, 気体",名詞,
trash,ごみ,名詞,
atom,原子,名詞,
Buddhism,仏教,名詞,
Christianity,キリスト教,名詞,
Catholic,"カトリックの, カトリック教徒",形容詞,
Protestant,"プロテスタントの, 新教徒",形容詞,
devoid,"欠けている, 不足している",動詞,
clergy,聖職者,名詞,
preach,"説く, 説教する",動詞,
pilgrim,巡礼者,名詞,
saint,"聖人, 聖人のような人",名詞,
shrine,神社,名詞,
dreary,悲しくさせる,動詞,
enchant,"魔法をかける, 魅了する",動詞,
witch,"魔女, 魔法使い",名詞,
discriminate,"差別する, 区別する",動詞,
pollute,"～を汚染する, 汚す",動詞,
trash,"ゴミ, ～を捨てる",動詞,
petroleum,石油,名詞,
moist,湿った,形容詞,
pole,極,名詞,
longitude,経度,名詞,
equator,"赤道, 赤道線",名詞,
sip,～を一口飲む,動詞,
chill,"～を冷やす, 寒気, 冷たさ",動詞,
staff,"社員, 職員",名詞,
awe,"畏敬, 畏怖, 畏怖させる",動詞,
deed,"行動, 行為",名詞,
lump,かたまり,名詞,
heap,"山, かたまり, 塊, 山盛り",名詞,
fuss,"大騒ぎ, 空騒ぎ",名詞,
dawn,"夜明け, 始まり夜が明ける",動詞,
enthusiastic,"熱意がある, 熱心な",動詞,
intent,"熱心な, 一生懸命の",形容詞,
yearn,"熱望する, 切望する, 強く望む",動詞,
fit,"合う, はまる, 健康な",動詞,
dwell,"住む, 宿る",動詞,
chore,雑用,名詞,
scale,"規模, 程度",名詞,
tutor,"家庭教師, 個別指導者",名詞,
temperate,"適度の, 節度のある, 穏やかな",形容詞,
sharply,急速に,副詞,
murmur,ささやき,名詞,
marked,"著しい, 顕著な",形容詞,
segment,"部分, 区切り",名詞,
devoid,欠けている,形容詞,
impart,"～を与える, 伝える, 授ける",動詞,
evade,"～を避ける, 回避する",動詞,
repel,"～を追い払う, 退ける",動詞,
disperse,～を散らす,動詞,
circulate,"循環する, ～を循環させる",動詞,
choke,"～を窒息させる, 詰まらせる",動詞,
suffocate,～を窒息させる,動詞,
point,"要点, 言いたいこと",名詞,
spirit,"精神, 気分, 霊魂",名詞,
sane,正気の,形容詞,
bruise,あざ,動詞,
torment,"苦痛, ～を苦しめる",動詞,
vigor,活力,名詞,
feeble,"弱々しい, 弱った, 微弱な",形容詞,
pale,"青白い, 血色が悪い, 淡い",形容詞,
tedious,退屈な,形容詞,
dreary,"退屈な, ものわびしい",形容詞,
thumb,親指,名詞,
wrist,手首,名詞,
fist,握りこぶし,名詞,
elbow,ひじ,名詞,
thigh,"大股, ふともも",名詞,
forehead,ひたい,形容詞,
eyebrow,"眉毛, 眉",名詞,
eyelid,まぶた,名詞,
eyelash,まつげ,名詞,
weed,"雑草, 草取り",名詞,
beard,あごひげ,名詞,
jaw,あご,名詞,
chin,あご,名詞,
cheek,頬,名詞,
shiver,震える,動詞,
stroll,歩く,動詞,
stride,"ひとまたぎ, 進歩, 大股で歩く",動詞,
creep,"這う, こっそり進む",動詞,
linger,"ぐずぐずする, 残存する",動詞,
pale,青ざめた,名詞,
sniff,くんくん嗅ぐ,動詞,
snore,いびきをかく,動詞,
sneer,"あざ笑う, 鼻で笑う",動詞,
grimace,"しかめ面をする, しかめ面",動詞,
mutter,"つぶやく, ぼそぼそ言う",動詞,
murmur,つぶやく,動詞,
mumble,つぶやく,動詞,
shriek,"金切り声を上げる, 叫ぶ",動詞,
sob,"すすり泣く, 涙声で泣く",動詞,
intricate,"複雑な, 込み入った",形容詞,
exquisite,"精緻な, 素晴らしい, 絶妙な",形容詞,
proficient,"熟達した, 堪能な",形容詞,
affirmative,"肯定の, 積極的な",形容詞,
horizontal,水平の,形容詞,
infamous,"悪名高い, 評判が悪い",形容詞,
clumsy,"不器用な, ぎこちない",形容詞,
momentum,勢い,形容詞,
restless,"落ち着きがない, せわしない",形容詞,
relentless,"執拗な, 情け容赦のない",形容詞,
ruthless,"情け容赦のない, 冷酷な",形容詞,
obstinate,"頑固な, しつこい",形容詞,
discreet,慎重な,形容詞,
presumably,"たぶん, おそらく",副詞,
prudent,"慎重な, 用心深い",形容詞,
integral,"必要不可欠な, 完全な",形容詞,
gap,"隔たり, 差",名詞,
series,連続,名詞,
serial,連続した,形容詞,
irregular,不規則な,形容詞,
charity,"慈悲, 慈善",名詞,
athlete,運動選手,名詞,
label,～にレッテルを貼る,名詞,
loose,"ゆるんだ, だらしない, 緩い",形容詞,
amateur,"アマチュア, 素人",名詞,
alcohol,"アルコール, 酒",名詞,
vitamin,ビタミン,名詞,
celebrity,有名人,名詞,
animate,～を活気づける,動詞,
boss,上司,名詞,
cafeteria,"社員食堂, 学食",名詞,
foul,"不快な, 汚い, 反則の, 反則",形容詞,
enlighten,～を啓蒙・啓発する,動詞,
tutor,"家庭教師, 個人電話",動詞,
sophomore,二年生,名詞,
diploma,学位,名詞,
vocation,天職,名詞,
apparatus,"装置・器具, 器具, 装置",名詞,
gadget,機械器具,名詞,
wheel,"車輪, ハンドル",名詞,
pave,～を舗装する,動詞,
automatic,自動の,形容詞,
coin,"硬貨, ～を作り出す",動詞,
story,"物語, ～階建て",名詞,
check,"～を確かめる, ～を抑制する",動詞,
chance,"機会, 可能性, 見込み, 偶然",名詞,
air,"空気, 空, 外見, 態度, 雰囲気",名詞,
lot,"大量のもの, 区画, 用地, 宿命",形容詞,
cross,"～を横切る, 機嫌の悪い",動詞,
will,"意志, 遺言",助動詞,
sound,"音, ～のように聞こえる",名詞,
service,"奉仕, 給仕, 設備, 公共事業",名詞,
minute,"極めて小さい, 微細な",形容詞,
dinosaur,恐竜,名詞,
ape,"サル, 類人猿, 大猿",名詞,
upright,直立した直立して,名詞,
feudal,封建制の,形容詞,
Renaissance,ルネサンス,名詞,
slave,"奴隷, とらわれている人",名詞,
metropolis,大都市,名詞,
bustle,喧噪,名詞,
skyscraper,超高層ビル,名詞,
navigation,航海,名詞,
lapse,"間違い, うっかり",形容詞,
soldier,"軍人, 兵士",名詞,
hostage,捕虜,名詞,
sword,剣,名詞,
rally,"集会, 再結集する, 結集する",動詞,
raid,急襲,名詞,
assassination,暗殺,名詞,
hence,"それ故に, 後に",副詞,
notwithstanding,それにもかかわらず,副詞,
namely,"すなわち, つまり",副詞,
rightly,"正当に, 当然のことながら",副詞,
justly,"正当に, 当然のことながら",副詞,
mistakenly,間違って,副詞,
reportedly,報じられるところでは,副詞,
presumably,"おそらく, たぶん",動詞,
seemingly,"見たところでは, 一見すると",副詞,
thereby,それによって,副詞,
whatsoever,"全く, 少しでも",動詞,
entity,"存在物, 統一体, 実在, 実体",名詞,
transcend,"～を越える, 超越する",動詞,
ascribe,"～の原因を帰す, のせいにする",動詞,
articulate,"～を言う, 発音する",動詞,
delegation,"代表派遣, 使節",名詞,
sanction,"制裁, 是認, 許可",名詞,
amend,"～を修正する, 改正する",動詞,
discern,"～を見分ける, 識別する",動詞,
benign,"良性の, 害のない, 有益な",形容詞,
malicious,悪意的な,形容詞,
hypocrisy,偽善,名詞,
deteriorate,悪化する,動詞,
momentum,"力, 勢い, 運動量",名詞,
velocity,速度,名詞,
lapse,"経過, 誤り",名詞,
axis,軸,名詞,
resilient,"弾力性のある, 回復力のある",動詞,
erode,"腐食する, 侵食する",動詞,
assimilate,"～を同化する, 消化・吸収する",動詞,
adhere,"くっつく, 固守する",動詞,
scrutinize,～を綿密に調べる,動詞,
tangible,"具体的な, 実体のある",形容詞,
censorship,検閲,名詞,
defy,"～を拒む, に反抗する, 逆らう",動詞,
synthesize,"～を総合する, 合成する",動詞,
tangible,"触れることができる, 明白な",動詞,
ingenious,"創意工夫に富んだ, 器用な",形容詞,
apprehension,"気遣い, 不安, 配慮や心配",形容詞,
ingenuous,"純真な, 無邪気な",形容詞,
proximity,"近いこと, 近さ, 近接",名詞,
dismay,"～を動揺させる, 動揺",動詞,
appall,～をぎょっとさせる,動詞,
stun,～をびっくりさせる,動詞,
marvel,"驚く, 驚き",動詞,
perplex,～を当惑させる,動詞,
bewilder,～を当惑させる,動詞,
astound,～をびっくりさせる,動詞,
apprehension,"懸念, 不安",名詞,
malicious,"悪意のある, 敵意を持つ",動詞,
warrant,"証明書, 保証書",名詞,
deplore,～を嘆く,動詞,
agony,"苦悩, 苦痛, 激しい苦痛",名詞,
inflict,～を与える,動詞,
afflict,～を苦しめる,動詞,
ambivalent,"矛盾する, 相反する",動詞,
unanimous,満場一致の,形容詞,
ponder,～をじっくり考える,動詞,
reap,"～を収穫する, を手に入れる",動詞,
curb,"～を抑制する, 縁石",動詞,
slap,～をぴしゃりと叩く,動詞,
clap,～を叩く,動詞,
minute,"分, 議事録",名詞,
hatch,"かえる, 孵化する",動詞,
wreck,"～を大破させる, 台なしにする",動詞,
sober,"しらふの, ありのままの",形容詞,
kin,"血縁, 親族",名詞,
riot,"暴動, 反乱",名詞,
cosmos,宇宙,名詞,
cosmic,"宇宙の, 宙域の",形容詞,
celestial,"天体の, 星座の",形容詞,
comet,彗星,名詞,
psychiatric,精神医学の,形容詞,
peril,危険,名詞,
alleviate,"～を軽くする, 軽減する",動詞,
mandatory,"強制的な, 必須の",形容詞,
imperative,"必須の, 急務の, 命令的な",形容詞,
heredity,遺伝,名詞,
humane,"思いやりのある, 人道的な",動詞,
maxim,"格言, 原理",名詞,
manifest,"～を明らかに示す, 明白な",動詞,
connotation,"言外の意味, 含蓄",名詞,
dogma,"教義, 定説, 独断, 教理",名詞,
prophet,予言者,名詞,
rectangular,長方形の,形容詞,
diameter,直径,名詞,
wither,"しおれる, 弱まる",動詞,
proliferate,"急増する, 繁殖する, 増殖する",動詞,
immerse,"～を浸す, 没頭させる",動詞,
hamper,"～を妨げる, 邪魔する",動詞,
token,しるし,名詞,
flaw,"ひび, 欠陥",名詞,
delinquent,非行の,形容詞,
gigantic,"巨大な, 大きな",形容詞,
ornament,装飾,名詞,
warrant,"～を保証する, 正当化する",動詞,
mischief,"いたずら, 悪さ",名詞,
spruce,気の利いた,形容詞,
statutory,"法廷の, 法定の, 法的な",形容詞,
drainage,"排水, 排水路",名詞,
deterioration,"悪化, 劣化",名詞,
commuter,通勤者,名詞,
sturdy,頑丈な,形容詞,
perimeter,"周囲, 環境, 周囲の状況",名詞,
peninsula,半島,名詞,
reimbursed,払い戻された,動詞,
paycheck,給料,名詞,
devoted,献身的な,形容詞,
in-person,対面で,副詞,
quartet,"四人組, 4人組み",名詞,
tenor,"進路, 趣旨",名詞,
batch,ひとまとめ,名詞,
carry-on,続ける,動詞,
ridge,尾根,名詞,
realistic,"現実的な, 現実に即した",形容詞,
wellness,健康,名詞,
nonrefundable,返金不可の,形容詞,
attire,服装,名詞,
accurately,正確に,副詞,
pharmacist,薬剤師,名詞,
aviation,"航空, 航空機産業",名詞,
endorse,支持する,動詞,
wearable,身に付けることの出来る,動詞,
expedite,"促進する, 迅速化する",動詞,
inattentive,不注意な,形容詞,
malfunction,故障,名詞,
inconsistent,"一貫しない, 矛盾した",形容詞,
undesirable,望ましくない,形容詞,
surgeon,"外科医, 手術医",名詞,
superintendent,監督,名詞,
in-store,お店の中で,副詞,
custodian,管理人,名詞,
belongings,持ち物,名詞,
validate,検証する,動詞,
tutorial,家庭教師の,形容詞,
overbook,過剰予約する,動詞,
handicraft,手芸,名詞,
outgoing,社交的な,形容詞,
colossal,"巨大な, 途方もなく大きい",形容詞,
redesign,"再設計, 再設計する",動詞,
truthful,誠実な,形容詞,
detour,迂回する,動詞,
rigorous,厳格な,形容詞,
formally,正式に,副詞,
bulletin,"速報, 告示",名詞,
clay,粘土,名詞,
pottery,陶器,名詞,
reconfiguration,再構成,名詞,
pediatric,"小児科の, 子供の病気の",形容詞,
dentistry,歯科,名詞,
tentative,"暫定の, 一時的な",形容詞,
sizable,"相当大きな, かなり多くの",形容詞,
cavity,"空洞, 虫歯",名詞,
prerequisite,前提条件,名詞,
glowing,"白熱した, 真っ赤に熟した",形容詞,
carpenter,大工,名詞,
acknowledged,認めた,形容詞,
favorable,"好ましい, 有利な",形容詞,
prediction,"予測, 予想",名詞,
considerably,かなり,副詞,
unveil,正体を現す,動詞,
hedge,"垣根, 防止策, 障壁, 障害物",名詞,
commissioned,委託された,動詞,
clarity,明快さ,名詞,
conversion,変換,名詞,
faulty,"欠点のある, 不完全な",動詞,
chronicle,年代記,名詞,
hereby,ここに,副詞,
spectacular,"壮観な, 見事な",形容詞,
crane,鶴,名詞,
harmonize,調和させる,動詞,
vacated,空いた,形容詞,
barn,納屋,名詞,
decor,"装飾, 装飾品",名詞,
reassurance,"安心, 再保証",名詞,
versatile,"多才な, 多目的に使える",形容詞,
inaugurate,就任させる,動詞,
manifest,明白な,形容詞,
proposition,"提案, 主張",名詞,
vanguard,"前衛, 先駆者",名詞,
spoilage,"腐敗, 損傷物",名詞,
fortunate,幸運な,形容詞,
readable,読みやすい,形容詞,
supplementary,"補足の, 付録の",形容詞,
consequential,"重大な, 必然の",形容詞,
persistent,根気強い,形容詞,
cooperative,協力的な,形容詞,
excerpt,"抜粋, 引用",名詞,
deducted,差し引かれた,形容詞,
vacancy,"欠員, 空き",名詞,
willingness,"意欲, 意志",名詞,
vastness,広大さ,名詞,
critically,"批判的に, 危なく",副詞,
counsel,"助言, 相談, 弁護士",名詞,
resurfaced,再浮上した,動詞,
dissatisfaction,不満,名詞,
accessible,"行きやすい, 便利な",形容詞,
amber,琥珀,名詞,
subtotal,小計,名詞,
tableware,食器,名詞,
unanticipated,予期していない,形容詞,
clerical,事務職の,形容詞,
lift,持ちあげる,動詞,
evaluation,評価,名詞,
enthusiastically,熱狂的に,副詞,
violation,"違反, 侵害",名詞,
continual,継続的な,形容詞,
modification,変形,名詞,
enclosure,"包囲, 囲い",名詞,
inner,内部の,形容詞,
repeatedly,"繰り返し, 反復",副詞,
unsubscribe,退会する,動詞,
meantime,合間,名詞,
hard-to-reach,到達するのが難しい,形容詞,
routinely,"日常的に, いつものように",副詞,
customer-satisfaction,顧客満足,名詞,
removal,除去,名詞,
plumbing,配管工事,名詞,
fusion,"融合, 溶解",名詞,
crescent,"三日月, 新月",形容詞,
eatery,食堂,名詞,
flair,"才能, 勘",名詞,
diner,簡易食堂,名詞,
giveaway,"景品, 無料サンプル",名詞,
occasional,時折の,形容詞,
editorial,編集の,形容詞,
inflate,膨らませる,動詞,
transferrable,移すことのできる,動詞,
family-owned,家族経営の,形容詞,
lasting,永続的な,形容詞,
respectively,それぞれ,副詞,
involved,関与した,動詞,
trustee,受託者,名詞,
Venus,金星,名詞,
legendary,伝説の,形容詞,
leash,"ひも, くさり",名詞,
embarked,乗り出した,動詞,
equally,同等に,副詞,
drastically,劇的に,副詞,
rift,"切れ目, 切り口, 断ち切り",名詞,
relevance,関連性,名詞,
generally,一般的に,副詞,
optimize,最適化する,動詞,
optimum,最適の,形容詞,
staircase,階段,名詞,
bride,花嫁,名詞,
striking,印象的な,形容詞,
ultimately,最終的に,副詞,
atlantic,大西洋の,形容詞,
abundance,豊富さ,名詞,
cost-effective,費用対効果の高い,形容詞,
corresponding,一致する,動詞,
emblem,"象徴, 権化",名詞,
gala,"祭り, 祭典",名詞,
top-of-the-line,一線級の,形容詞,
superiority,優越点,名詞,
unavoidable,避けられない,形容詞,
usability,使いやすさ,名詞,
noticeable,"目立つ, 際立つ",動詞,
angular,"角のある, 角度のある",動詞,
stimulating,刺激的な,形容詞,
demolition,"解体, 崩壊, 解散",名詞,
reasoning,推論,名詞,
utterly,"全く, 全然",動詞,
precision,"正確さ, 精度",名詞,
punctuality,時間厳守,名詞,
default,債務不履行,名詞,
manageable,扱いやすい,形容詞,
assurance,保証,名詞,
complication,"複雑さ, 混乱",名詞,
affix,"添付する, 固定する",動詞,
justification,正当化,名詞,
spokesman,代弁者,名詞,
tolerable,耐えられる,動詞,
rainfall,"雨量, 降雨, 降雨量",名詞,
diversification,多様化,名詞,
shady,"陰になった, 日陰になった",形容詞,
waterproof,防水の,形容詞,
landfill,埋め立て,名詞,
prompted,促した,動詞,
sanitary,衛生的な,形容詞,
foray,"不意打ち, 突撃, 急襲",名詞,
solely,"単独で, 専ら",副詞,
combination,組み合わせ,名詞,
flatten,平らにする,動詞,
