nomination,指名,名詞,
forum,公開討論会,名詞,
integration,統合,名詞,
petrol,ガソリン,名詞,
waiver,"免除, 棄権, 除外",名詞,
adjustment,調整,名詞,
unplug,抜く,動詞,
proprietor,所有者,名詞,
transit,乗り継ぎ,名詞,
importantly,重要なことに,副詞,
wearability,装着性,名詞,
handcrafted,手作りの,形容詞,
sharpen,"研ぐ, 尖らせる",動詞,
workday,平日,名詞,
intrigued,興味をそそられる,動詞,
remarked,"述べた, 言った",動詞,
industry-wide,業界全体の,形容詞,
haul,運搬する,動詞,
legally,合法的に,副詞,
fastened,固定した,動詞,
prohibited,禁止された,動詞,
allowance,手当,名詞,
day-to-day,"日々の, 毎日の",形容詞,
conservatively,保守的に,副詞,
unpublished,未発表の,形容詞,
supposedly,"たぶん, おそらく",副詞,
empower,力を与える,動詞,
preceding,"前述の, 先行している",形容詞,
deserving,"値する, 価値がある",動詞,
breathtaking,息をのむような,形容詞,
introduction,"紹介, 導入",名詞,
readability,読みやすさ,名詞,
biweekly,隔週の,形容詞,
fading,次第に消えていく,動詞,
cutting-edge,最先端の,形容詞,
exterior,外観,名詞,
adjacent,"隣接している, 近接する",動詞,
insulated,絶縁された,動詞,
adequately,適切に,副詞,
flagship,"旗艦, 主力艦",名詞,
exclusively,"排他的に, 限定して",副詞,
lively,にぎやかな,形容詞,
sympathize,"同情する, 共感する",動詞,
meticulously,細心の注意を払って,副詞,
emission,排出,名詞,
constructive,建設的な,形容詞,
proficiency,熟達,名詞,
questionable,"疑わしい, 疑念を抱く",形容詞,
dietary,"食事の, 食事関連の",形容詞,
formerly,以前は,副詞,
sleek,"なめらかな, 滑らかな",形容詞,
floor-to-ceiling,床から天井まで,副詞,
appetizer,前菜,名詞,
insulation,絶縁,名詞,
perennial,"一年中続く, 年間を通じて",動詞,
aptitude,適性,名詞,
distinctive,特有の,形容詞,
on-time,定刻の,形容詞,
cheque,小切手,名詞,
herb,薬草,名詞,
forthcoming,今後の,形容詞,
lifelong,一生の,形容詞,
pitfall,"落とし穴, 罠, 隠れた危険",名詞,
facilitator,進行役,名詞,
swiftly,素早く,動詞,
rigidly,厳しく,動詞,
simmer,煮る,動詞,
suburban,"郊外の, 郊外型の",形容詞,
prototype,試作品,名詞,
compost,混合物,名詞,
synthetic,統合的な,形容詞,
wilt,"しおれる, 萎む, 元気をなくす",動詞,
generosity,寛大さ,名詞,
alongside,"と一緒に, 並行して",副詞,
presidential,大統領の,形容詞,
roughly,大雑把に,副詞,
unemployment,失業,名詞,
undoubtedly,疑いなく,動詞,
knot,結び目,名詞,
grin,歯を見せて笑う,動詞,
readily,すぐに,副詞,
senator,上院議員,名詞,
cutlery,食器,名詞,
intersection,交差点,名詞,
trustworthy,"信頼できる, 信用できる",動詞,
inclusive,"含んだ, 含めて",形容詞,
occupied,"使われている, 占領されている",動詞,
knowledgeable,知識豊富な,形容詞,
considerate,"思いやりがある, 理解がある",動詞,
splendid,素晴らしい,形容詞,
doubtful,疑わしい,形容詞,
last-minute,間際での,形容詞,
agreeable,"快適な, 心地良い",形容詞,
persuasive,説得力のある,動詞,
noted,有名な,形容詞,
unpredictable,"予測できない, 法外な",形容詞,
timeline,予定表,名詞,
demanding,要求の厳しい,形容詞,
pilot,試験的な,形容詞,
beneficial,有益な,形容詞,
freight,"貨物, 輸送, 輸送料, 輸送する",動詞,
prestigious,"権威のある, 誉れ高い",動詞,
inactive,"怠惰な, 活動していない",形容詞,
neighboring,近隣の,形容詞,
situated,位置している,動詞,
picturesque,絵のように美しい,形容詞,
minimal,"最小の, 最小限の, 最低限の",形容詞,
inclement,"荒れ模様の, 厳しい",形容詞,
municipal,地方自治体の,形容詞,
legible,判読できる,動詞,
exhausted,疲れ切った,形容詞,
thrilled,とてもわくわくして,動詞,
allowable,"許される, 許容できる, 許容量",動詞,
revolutionary,革命的な,形容詞,
informative,有益な,形容詞,
designated,指定された,動詞,
entertaining,"おもしろい, 愉快な",形容詞,
permissible,"許容される, 容認できる",動詞,
ceremonial,"儀式上の, 形式的な, 儀式的な",形容詞,
premier,"最高の, トップの",形容詞,
embarrassing,恥ずかしい,形容詞,
dental,歯科の,形容詞,
certified,"有資格の, 公認の",形容詞,
automated,自動化された,動詞,
distinguished,"際立って優れた, 傑出した",動詞,
shorthanded,人手が不足して,動詞,
wasteful,無駄の多い,形容詞,
suited,適任である,動詞,
hourly,1時間単位の,形容詞,
unfavorable,否定的な,形容詞,
preferable,望ましい,形容詞,
negotiable,交渉可能な,形容詞,
beforehand,"あらかじめ, 事前に",形容詞,
concise,簡潔な,形容詞,
continuous,"連続の, 継続的な, 持続的な",形容詞,
inspiring,やる気が出るような,形容詞,
regrettable,残念な,形容詞,
countless,"数え切れないほどの, 無数の",形容詞,
unforeseen,想定外の,形容詞,
ambitious,"意欲的な, 野心的な",形容詞,
spite,"悪意, 恨み",名詞,
strikingly,著しく,動詞,
aboard,船に乗って,副詞,
independently,"単独で, 独立して",副詞,
prominently,"目立って, 傑出して",副詞,
concentrated,"集中的な, 濃縮された",動詞,
informally,"くだけて, 非公式に",副詞,
intentionally,意図的に,副詞,
instrumental,重要な役割を果たす,動詞,
speculation,"推測, 推量",名詞,
understaffed,人手不足の,形容詞,
lumber,"材木, 製材",名詞,
commemorate,"祝う, 記念する",動詞,
revert,戻る,動詞,
oversee,監督する,動詞,
discontinued,終了した,動詞,
pertain,"属する, 該当する, 関係する",動詞,
diversify,多様化する,動詞,
deplete,"使い果たす, 枯渇させる",動詞,
solicit,求める,動詞,
emerging,"新たに現れた, 新興の",形容詞,
scenic,"眺めがいい, 景色の",形容詞,
acclaimed,"絶賛されている, 評価された",動詞,
delegate,"委譲する, 委任する",動詞,
resistant,"耐えられる, 抵抗力のある",動詞,
disseminate,普及させる,動詞,
applaud,拍手する,動詞,
hands-on,"実地の, 実用的な",形容詞,
plummet,急落する,動詞,
introductory,"入門の, 最初の, お試しの",形容詞,
dilute,"薄める, 希釈する",動詞,
rectify,"是正する, 修正する, 正す",動詞,
lengthy,"長期にわたる, 冗長な",動詞,
misplace,"紛失する, 置き忘れる",動詞,
reminisce,"懐かしむ, 思い出話をする",動詞,
procrastinate,先延ばしにする,動詞,
subside,"弱まる, 低下する",動詞,
facilitate,"容易にする, 促進する",動詞,
terminate,終わらせる,動詞,
itemize,"箇条書きにする, 項目別にする",動詞,
outweigh,上回る,動詞,
waive,"免除する, 放棄する",動詞,
occupancy,"占有, 占有人数",名詞,
coincidence,偶然,名詞,
credentials,"資格, 経歴, 資質",名詞,
oversight,"見落とし, 手落ち, 監視",名詞,
drapery,カーテン,名詞,
turnaround,"立て直し, 好転, 処理時間",名詞,
clasp,"留め具, 金具",名詞,
pavement,舗装道路,名詞,
scrutiny,"綿密な調査, 凝視",名詞,
legible,読みやすい,形容詞,
concession,譲歩,名詞,
apprentice,"見習い, 実習生",形容詞,
liaison,"連絡係, 調整, 連絡, 連携係",名詞,
intermission,休憩時間,名詞,
amenity,"娯楽, 生活を便利にするもの",名詞,
exclusion,除外,名詞,
tenure,"任期, 期間",名詞,
observance,"行事, 順序",名詞,
lucrative,儲かっている,動詞,
prosperous,繁栄している,動詞,
revival,復活した,形容詞,
interim,合間,名詞,
subscriber,"購読者, 加入者",名詞,
occation,"場合, とき, 機会",名詞,
disassemble,"分解する, 解体する",動詞,
antitrust,独占禁止法,形容詞,
alternatively,"代わりに, あるいは",副詞,
strictly,"厳しく, 厳密に",動詞,
mutually,"相互に, お互いに",副詞,
mend,"直す, 修正する, 繕う",動詞,
scarcely,ほとんどない,形容詞,
scold,"叱る, 注意する",動詞,
theoretical,理論上の,形容詞,
rebuild,"再建する, 建て直す",動詞,
belly,"腹, 腹部",名詞,
amid,真ん中に,名詞,
spite,"悪意, いじわる",動詞,
carbohydrate,炭水化物,名詞,
theology,神学,名詞,
donor,"提供者, 寄贈者",名詞,
sticky,"べたつく, 粘着した",動詞,
sting,"刺す, 突く",動詞,
pastor,牧師,名詞,
sympathetic,"思いやりのある, 共感的な",動詞,
exploration,"探査, 探索",名詞,
unkind,不親切な,形容詞,
judicial,司法の,形容詞,
diplomatic,"外交上の, 外交官の, 外交の",形容詞,
elegant,優雅な,形容詞,
strictly,"厳密に, 厳しく",副詞,
wicked,"邪悪な, 不正の",形容詞,
prevention,"防止, 予防",名詞,
minimize,最小化する,動詞,
attendant,"付き添いの, 付帯の",形容詞,
blaze,火炎,名詞,
boredom,退屈,名詞,
breadth,"幅, 横幅",名詞,
brim,"へり, 縁",名詞,
bundle,"束, 一揃い, 一組",名詞,
cape,岬,名詞,
capitalism,資本主義,名詞,
cathedral,大聖堂,形容詞,
nominee,候補者,名詞,
alleged,容疑のある,動詞,
inmate,"収容者, 同居人, 被収容者",名詞,
parental,親の,形容詞,
flash,閃光,名詞,
tuck,押し込む,動詞,
condense,凝縮する,動詞,
gleam,きらめく,動詞,
conductor,"導体, 案内人, 指揮者",名詞,
stadium,競技場,名詞,
conquest,"征服, 占領",名詞,
rack,置き棚,名詞,
courtroom,法廷,名詞,
statute,法令,名詞,
copper,銅,名詞,
courageous,勇気のある,動詞,
cradle,ゆりかご,名詞,
instantly,"すぐに, 即座に, 直ちに",副詞,
cunning,"ずる賢い, 狡猾な, ずるい",形容詞,
opposed,反対した,動詞,
damp,"湿った, じめじめした",形容詞,
daring,"大胆な, 向こう見ずな, 果敢な",形容詞,
revelation,啓示,名詞,
declaration,宣言,名詞,
delightful,楽しい,形容詞,
reliability,信頼性,名詞,
bush,茂み,名詞,
bull,雄牛,名詞,
disgrace,"不名誉, 恥辱",名詞,
secular,"世俗の, 現世の",形容詞,
disgusting,"嫌な, 胸が悪くなる",形容詞,
cab,タクシー,名詞,
progressive,"革新的な, 進歩的な",形容詞,
conspiracy,陰謀,名詞,
execution,実行,名詞,
terrific,"すごい, 大変な",形容詞,
verdict,"評決, 判断",名詞,
self-esteem,自尊心,名詞,
eagerly,熱心に,副詞,
practitioner,"開業医, 専門家",名詞,
tragic,"悲劇的な, 悲劇的",形容詞,
jar,瓶,名詞,
underlying,根底にある,動詞,
forbidden,"禁じられた, 禁止された",形容詞,
uncertain,不確実な,形容詞,
statistical,統計的な,形容詞,
fairness,公平さ,名詞,
fascinating,魅惑的な,形容詞,
cliff,崖,名詞,
flu,インフルエンザ,名詞,
scramble,"素早く進む, 急いでする",動詞,
foam,"小さな泡, 微細な泡",名詞,
pulse,"脈動, 震動",名詞,
midst,真ん中,名詞,
alley,路地,名詞,
gleam,きらめき,名詞,
fruitful,実り多い,形容詞,
glorious,栄光の,形容詞,
forgetful,忘れっぽい,形容詞,
legislature,立法府,名詞,
grieve,深く悲しむ,動詞,
mentally,"精神的に, 心理的に",副詞,
grim,"厳格な, 恐ろしい, 険しい",形容詞,
groan,うめき声,名詞,
harmless,無害な,形容詞,
hasten,"急ぐ, 急がせる, 焦らせる",動詞,
shove,"突き出す, 押し出す",動詞,
backyard,裏庭,名詞,
placement,配置,名詞,
grandchild,孫,名詞,
ecological,生態学的な,形容詞,
honorable,尊敬できる,動詞,
howl,遠吠えする,動詞,
ideally,理想的には,副詞,
idiot,馬鹿,名詞,
imitation,"模倣, 真似",名詞,
immensely,莫大に,副詞,
graceful,"優雅な, 洗練された",形容詞,
impatient,せっかちな,形容詞,
custody,親権,名詞,
fleet,艦隊,名詞,
insure,保険をかける,動詞,
outsider,部外者,名詞,
desperately,必死に,副詞,
ivory,"象牙, 象牙質の",名詞,
confrontation,"対決, 対戦",名詞,
lame,"不十分な, 不自由な",形容詞,
lark,"戯れ, 冗談",名詞,
lastly,最後に,副詞,
sack,袋,名詞,
lick,なめる,動詞,
nasty,"不快な, 不愉快な",形容詞,
envision,"想像する, 思い描く",動詞,
majesty,"威厳, 主権",名詞,
weaken,"弱める, 力を失う",動詞,
terrain,地形,名詞,
deploy,"展開する, 配置する",動詞,
depressed,落ち込んだ,形容詞,
chunk,かたまり,名詞,
microwave,電子レンジ,名詞,
midday,"真昼, 正午",名詞,
migration,移住,名詞,
misfortune,"不幸, 災厄",名詞,
moan,うめき声,名詞,
coup,"大当たり, クーデーター",名詞,
density,"密度, 濃度",名詞,
monarch,"君主, 王",名詞,
supportive,協力的な,形容詞,
moss,"苔, 藻類, 苔の塊",名詞,
stimulus,刺激,名詞,
pat,"軽くたたく, 軽く打つ",動詞,
well-being,"幸福, 健康",名詞,
validity,"有効性, 効果性",名詞,
collar,襟,名詞,
obedience,従順,名詞,
streak,筋,名詞,
onward,前進的な,形容詞,
deem,考える,動詞,
artifact,人工物,名詞,
sneak,"こっそり動く, 忍び寄る",動詞,
mentor,"指導者, リーダー",名詞,
oriental,東洋の,形容詞,
sleeve,袖,名詞,
rib,肋骨,名詞,
oversleep,"寝坊する, 寝すぎる",動詞,
parish,教区,名詞,
halfway,途中の,形容詞,
cemetery,お墓,名詞,
pasture,牧草地,名詞,
likelihood,可能性,名詞,
atop,頂上に,副詞,
rim,縁,名詞,
pinch,つまむ,動詞,
squad,分隊,名詞,
plainly,"明白に, 率直に",副詞,
plural,複数の,形容詞,
pope,法王,名詞,
legislator,議員,名詞,
conception,"概念, 考え",名詞,
procession,"行列, 進行",名詞,
jurisdiction,司法権,名詞,
inevitably,必然的に,副詞,
feminist,男女同権主義者,名詞,
constraint,"拘束, 強制",名詞,
allegedly,申し立てによると,副詞,
provincial,"地方の, 田舎の",形容詞,
lid,蓋,名詞,
sprinkle,"振りかける, まき散らす",動詞,
mortality,"死亡者数, 死亡, 死亡率",名詞,
philosophical,"哲学的な, 思索的な",形容詞,
tolerance,寛容さ,名詞,
recess,"休憩, 休暇",名詞,
refusal,"拒否, 拒絶",名詞,
widow,未亡人,名詞,
remarkably,"著しく, 非常に",動詞,
brutal,"残忍な, 粗暴な",形容詞,
poke,突っつく,動詞,
opt,"選ぶ, 選択する",動詞,
threshold,"敷居, 閾, 閾値",名詞,
robbery,強盗,名詞,
theological,神学的な,形容詞,
denial,拒否,名詞,
screw,ねじ,名詞,
warmth,暖かさ,名詞,
projection,投影,名詞,
shiny,輝いた,形容詞,
sightseeing,観光,名詞,
singular,"特異な, 特有の",形容詞,
snatch,ひったくる,動詞,
rubber,ゴム,名詞,
integrated,統合された,動詞,
accountability,説明責任,名詞,
statesman,"政治家, 政府の役人",名詞,
ironically,"皮肉なことに, 逆説的に",副詞,
confession,"告白, 自白",名詞,
marble,大理石,名詞,
substantially,"実質的に, 本質的に",副詞,
disturbing,"邪魔な, 迷惑な",形容詞,
surveillance,"監視, 見守り",名詞,
devastating,"壊滅的な, 破壊的な",形容詞,
symphony,交響曲,名詞,
nutrient,"栄養素, 栄養分",形容詞,
severely,厳しく,動詞,
sovereignty,主権,名詞,
thorn,とげ,名詞,
throne,王位,名詞,
accusation,非難,名詞,
torch,たいまつ,動詞,
tread,足を踏み入れる,動詞,
compelling,"説得力のある, 有力な",動詞,
tub,桶,名詞,
twilight,黄昏時,名詞,
twinkle,きらきら光る,動詞,
plea,"嘆願, 弁解",名詞,
spine,脊椎,名詞,
dock,船着場,名詞,
fog,霧,名詞,
missionary,宣教師,形容詞,
admirable,"見事な, 素晴らしい",形容詞,
fatal,"致命的な, 破滅的な",形容詞,
trim,整える,動詞,
volcano,"火山, 噴火口",名詞,
nationwide,全国の,形容詞,
spit,唾を吐く,動詞,
kneel,ひざまずく,動詞,
naval,"海軍の, 海軍のもの",形容詞,
plaintiff,原告,名詞,
anticipation,期待,名詞,
comical,"おどけた, 滑稽な",形容詞,
architectural,建築の,形容詞,
ascent,"上昇, 昇格",名詞,
bald,禿げた,動詞,
banish,追放する,動詞,
beak,くちばし,名詞,
betrayal,裏切り,名詞,
bleach,漂白する,動詞,
blot,しみ,名詞,
blueprint,青写真,名詞,
brighten,明るくする,動詞,
brilliance,明るさ,名詞,
brook,小川,名詞,
folly,"愚かな, 馬鹿な",形容詞,
broom,"ほうき, 掃除道具",名詞,
canyon,峡谷,名詞,
chairperson,議長,名詞,
chilly,肌寒い,形容詞,
coarse,"粗末な, 粗い, 質素な",形容詞,
contentment,満足,名詞,
councilor,評議員,名詞,
cozy,"居心地の良い, 快適な",形容詞,
crook,湾曲させる,動詞,
crouch,しゃがむ,動詞,
deceit,"詐欺, 虚偽, 騙し",名詞,
delicately,繊細に,副詞,
dew,露,名詞,
digestion,消化,名詞,
disturbance,"騒動, 妨害",名詞,
ditch,溝,名詞,
dreadful,"恐ろしい, 怖い",形容詞,
dullness,鈍さ,名詞,
dwelling,住居,名詞,
earnestly,真剣に,副詞,
electron,電子,名詞,
endurance,忍耐,名詞,
envious,"羨ましい, 妬ましい",形容詞,
eternally,永遠に,副詞,
exaggeration,"誇張, 過大評価, 過大視",名詞,
examiner,審査官,名詞,
excursion,"遠足, 日帰り旅行",名詞,
exhaustion,"枯渇, 疲労",名詞,
fable,"作り話, 寓話",名詞,
faraway,遠くの,形容詞,
federation,連合,名詞,
fling,"投げ飛ばす, 投げる",動詞,
folly,愚かさ,名詞,
fulfillment,"遂行, 実践",名詞,
fuzzy,ぼやけた,形容詞,
gateway,出入口,名詞,
gem,宝石,名詞,
graze,"軽く食べる, 草を食う",動詞,
contamination,"汚染, 汚染物質",名詞,
stark,"正真正銘の, 純粋な",形容詞,
evolutionary,"進化的な, 進化論の",形容詞,
archaeological,考古学の,形容詞,
contractor,"請負業者, 契約者",名詞,
bribery,"賄賂の授受, 贈収賄",名詞,
treadmill,"踏み車, ルームランナー",名詞,
hierarchical,"階層的な, 階級制の",形容詞,
nourishment,"栄養, 滋養",名詞,
credibility,"信頼性, 信用",名詞,
dissent,"異議を唱える, 反対する",動詞,
proliferation,"拡散, 増殖",名詞,
disappearance,"失踪, 消滅",名詞,
implant,"植え付ける, 移植する",動詞,
bout,"試合, 競技",名詞,
puppy,"子犬, 幼犬",名詞,
prod,"突く, 呼び起こす",動詞,
drawback,"欠点, 短所",名詞,
prospective,"予測される, 期待される",動詞,
dosage,"投与量, 服用量",名詞,
epic,"大作, 壮大な作品",名詞,
consistently,"一貫して, 常に",副詞,
plebiscite,"国民投票, 普通選挙",名詞,
enzyme,"酵素, 生化学的触媒",名詞,
circumvent,"出し抜く, 回避する",動詞,
clot,"固まり, 凝固塊",名詞,
behavioral,"行動上の, 行動の",形容詞,
foremost,"主要な, 最も重要な",形容詞,
catalyst,"触媒, 刺激物",名詞,
guilt,"罪悪感, 有罪",名詞,
scarcity,"不足, 欠乏, 欠如",名詞,
counterfeit,"偽造する, 偽造品を作る",動詞,
expulsion,"排除, 除名",名詞,
thwart,"妨害する, 阻止する",動詞,
nobility,"尊さ, 高貴さ",名詞,
assimilation,"同化, 吸収",名詞,
implore,"懇願する, お願いする",動詞,
petition,"嘆願, 請願",名詞,
compliant,"従順な, 応じる",形容詞,
protective,"保護的な, 保護する",形容詞,
rebellion,"反乱, 暴動",名詞,
convent,"修道院, 僧院",名詞,
ridicule,"あざ笑う, 嘲笑する",動詞,
benevolent,"慈悲深い, 親切な",形容詞,
communal,"共同の, 共有の",形容詞,
destitute,"貧困の, 困窮した",形容詞,
sinful,"罪深い, 悪い",形容詞,
designation,"指定, 選定",名詞,
mother-in-law,"義理の母, 義母",名詞,
captivity,"監禁, 囚禁",名詞,
forcible,"強制的な, 強い",形容詞,
ancestral,"先祖の, 祖先の",形容詞,
ruling,"支配的な, 主要な, 優勢な",形容詞,
repay,"返済する, 報いる",動詞,
inadequate,"不十分な, 不適切な",形容詞,
renovate,"改修する, 改装する",動詞,
idealization,"理想化, 理想の実現",名詞,
bleak,"吹きさらしの, 荒涼とした",形容詞,
devastation,"荒廃, 壊滅",名詞,
adoption,"採用, 受け入れ",名詞,
inheritance,"継承, 相続",名詞,
reside,"住む, 居住する",動詞,
moderately,"適度に, 適切に",副詞,
formidable,"恐ろしい, 手ごわい",形容詞,
magnitude,"大きさ, 規模",名詞,
sexuality,性的関心,名詞,
paramount,"最高の, 最重要の",形容詞,
discord,"不一致, 不和",名詞,
continuation,"継続, 持続",名詞,
tonic,"強壮剤, 健康促進剤",名詞,
elevate,"上げる, 昇進させる",動詞,
nitrogen,"窒素, 化学元素",名詞,
instructive,"有益な, 教育的な",形容詞,
infectious,"伝染性の, 感染する",形容詞,
unstable,"不安定な, ゆらぎやすい",形容詞,
plead,"懇願する, お願いする",動詞,
tolerant,"寛容な, 容認する",形容詞,
microbial,"微生物の, 細菌の",形容詞,
slaughter,"虐殺, 大量殺戮",名詞,
disastrous,"悲惨な, 惨事の",形容詞,
eruption,"噴火, 爆発",名詞,
dismissal,"解散, 解任",名詞,
replicate,"複製する, 再現する",動詞,
burglar,"強盗, 泥棒",名詞,
squalor,"不潔, 汚さ",名詞,
cramped,"狭苦しい, 窮屈な",形容詞,
envelop,"包む, 包装する",動詞,
sustenance,"食糧, 食料",名詞,
aptly,"適切に, 適当に",副詞,
premature,"時期尚早の, 早まった",形容詞,
parasite,"寄生虫, 寄生生物",名詞,
smear,"塗る, 塗布する",動詞,
wedge,"くさび, 楔形体",名詞,
despicable,"卑劣な, 下劣な",形容詞,
stab,"刺す, 突き刺す",動詞,
anecdotal,"逸話の, 物語性のある",形容詞,
whitewash,"しっくい, モルタル",形容詞,
appalling,"ぞっとするような, 気味の悪い",形容詞,
fraternity,"友愛, 友情",名詞,
supplant,"取って代わる, 置き換える",動詞,
diagnosis,"診断, 判断",名詞,
integrity,"誠実さ, 誠意",名詞,
microscope,"顕微鏡, 測微鏡",名詞,
hunch,"直感, 本能",名詞,
morbid,"病的な, 病気の",形容詞,
forensic,"法廷の, 裁判所の",形容詞,
ply,"精を出す, 努力する",動詞,
forefront,"最前部, 前線",名詞,
unconscious,"無意識の, 潜在意識の",形容詞,
staunch,"堅い, 堅固な",形容詞,
hasty,"急ぐ, 急ぎ足で",動詞,
frankly,"率直に, 直接的に",副詞,
submarine,"潜水艦, 水中艇",名詞,
rust,"錆び, 酸化",名詞,
potent,"効能のある, 効果的な",動詞,
esoteric,"秘儀の, 神秘的な",形容詞,
peg,"くぎ, くい",名詞,
mundane,"平凡な, 普通の",形容詞,
logistics,"調達路, 供給路",名詞,
vicinity,"近所, 近隣",名詞,
brink,"瀬戸際, 切羽詰まった状態",名詞,
turmoil,"騒動, 混乱, 騒ぎ",名詞,
brutality,"残忍性, 冷酷さ, 非情さ",名詞,
successive,"連続する, 続ける, つづく",動詞,
insistence,"主張, 信条, 主義",名詞,
detrimental,"有害な, 害のある, 悪影響の",形容詞,
modulate,"調整する, 微調整する",動詞,
downright,"真っすぐな, 徹底的な",形容詞,
allay,"和らげる, 軽減する",動詞,
eradicate,"根絶する, 撲滅する",動詞,
unintended,"意図しない, 計画しない",形容詞,
dent,"へこみ, 凹み",名詞,
rebellious,"反抗的な, 抵抗的な",形容詞,
outrageous,"無法な, 法律を無視した",形容詞,
bandage,"包帯, 絆創膏, ガーゼ",名詞,
eventual,"最終的な, 究極的な",形容詞,
imperfect,"不完全, 未完成",名詞,
measurement,"測定, 計測",名詞,
disruptive,"破壊的な, 破壊力のある",形容詞,
differently,"異なって, 異なる",副詞,
childbirth,"出産, 分娩",名詞,
midwife,"助産婦, 産婆",名詞,
discomfort,"不快感, 違和感",名詞,
bliss,"至福, 極楽",名詞,
entice,"誘惑する, 魅惑する",動詞,
provocative,"挑発的な, 挑戦的な",形容詞,
passionate,"情熱的な, 熱情的な",形容詞,
elicit,"引き出す, 取り出す",動詞,
deprivation,"剥奪, 取り上げ",名詞,
cascade,"小滝, 小さな滝",名詞,
erroneous,"誤った, 間違えた",形容詞,
testimony,"証言, 申し立て",名詞,
paranoia,"妄想症, 幻想症",名詞,
gutter,"側溝, 排水溝",名詞,
denounce,"非難する, 批判する",動詞,
tacit,"暗黙の, 言わずと知れた",形容詞,
coerce,"強制する, 強いる",動詞,
crusade,"聖戦, 聖なる戦争",名詞,
intimidation,"脅迫, 威嚇",名詞,
ail,"苦しめる, 苦痛を与える",動詞,
rampage,"大暴れ, 乱闘, 乱戦",名詞,
presidency,"大統領職, 首相職",名詞,
purge,"粛清する, 浄化する",動詞,
dire,"悲惨な, 哀れな",形容詞,
unethical,"非倫理的な, 不道徳な",形容詞,
abominable,"忌まわしい, 憎むべき",形容詞,
incremental,"増加の, 増大の",形容詞,
discrepancy,"不一致, 食い違い",名詞,
rue,"後悔する, 悔いる",動詞,
absorption,"吸収, 吸取",名詞,
collate,照合する,動詞,
percolate,"浸透する, 染みる",動詞,
footing,"足場, 基盤",名詞,
portal,"正門, 入り口, 門口",名詞,
harry,"うるさく悩ます, 蹂躙する",動詞,
par,"同等, 等価",名詞,
heath,"荒野, 野原",名詞,
digression,"脱線, 脱輪",名詞,
malignant,"悪意のある, 悪意を持った",動詞,
carcinogen,"発がん物質, 発癌性の物質",名詞,
evacuate,"避難する, 逃避する",動詞,
invaluable,"貴重な, 価値のある",形容詞,
formulate,"策定する, 計画する",動詞,
hidden,"隠された, 隠秘の",形容詞,
botanist,"植物学者, 植物研究者",名詞,
denote,"表示する, 示す",動詞,
faction,"派閥, 党派",名詞,
animosity,"敵意, 敵対心",名詞,
ballot,"投票用紙, 選挙票",名詞,
successor,"後継, 次代",名詞,
aggravate,"悪化させる, 劣化させる",動詞,
signify,"意味する, 示す",動詞,
slant,"傾斜, 傾き",名詞,
levity,"軽率, 軽薄さ",名詞,
lava,"溶岩, マグマ",名詞,
dupe,複製品,名詞,
adamant,"断固たる, 固定的な",動詞,
rein,"手綱, 馬具",名詞,
exorbitant,"法外な, 途方もない",形容詞,
depletion,"枯渇, 涸れる",名詞,
regulatory,"規制, 制限",形容詞,
genetic,"遺伝的な, 遺伝による",形容詞,
allied,同盟を結んでいる,動詞,
surgical,"外科の, 外科的な",形容詞,
sunburn,"日焼け, 日焼け跡",名詞,
venerable,"由緒ある, 歴史ある",動詞,
terminology,"用語, 専門用語",名詞,
vault,"丸天井, ドーム型の天井",名詞,
indicative,"表示する, 示す",動詞,
suitor,"求婚者, プロポーザルする人",名詞,
endear,"慕わせる, 愛される",動詞,
opportune,"好機の, 絶好の機会",形容詞,
proverbial,"ことわざの, 格言の",形容詞,
wry,"ゆがんだ, 歪んだ",形容詞,
shaggy,"毛深い, 毛むくじゃらの",形容詞,
ornate,"華やかな, 豪華な",形容詞,
molest,"悩ます, 困らせる",動詞,
maritime,"海事の, 海洋に関する",形容詞,
rant,"怒鳴り立てる, 大声で叫ぶ",動詞,
blatant,"露骨な, あからさまな",形容詞,
reaffirm,"再確認する, 再度チェックする",動詞,
delve,"掘り下げる, 深く調べる",動詞,
timidity,"臆病, 怯える",名詞,
amass,"蓄える, 保存する",動詞,
flaunt,"誇示する, 見せびらかす",動詞,
yeast,"酵母, きっかけ",名詞,
frolic,"戯れる, 遊ぶ",動詞,
procedural,"手続きの, 手順の",形容詞,
momentous,"重大な, 深刻な",形容詞,
counterclockwise,"反時計回りの, 逆回り",形容詞,
frosty,"凍えるような, 氷点下の",形容詞,
garner,"集める, 収集する",動詞,
bogus,"偽の, 詐欺的な",形容詞,
horrify,"怖がらせる, 恐れさせる",動詞,
trilogy,"三部作, 三連作",名詞,
bemoan,"嘆く, 嘆き悲しむ",動詞,
deflect,"そらせる, ゆがめる",動詞,
turbulence,"乱気流, 渦",名詞,
vista,"眺望, 景色",名詞,
reliant,"頼っている, 信頼している",動詞,
binary,"二の, 二番目の",形容詞,
phony,"偽物の, 模造の",形容詞,
hoist,"揚げる, 巻き上げる",動詞,
colloquial,"口語の, 話し言葉の",形容詞,
abduct,"拉致する, 誘拐する",動詞,
inaugural,"就任の, 着任の",形容詞,
aquatic,"水生の, 水中の",形容詞,
stunning,"驚くような, 驚異的な",形容詞,
unison,"一致, 合致",名詞,
pastoral,"羊飼いの, 牧羊人の",形容詞,
launder,"洗濯する, 洗う",動詞,
authoritative,"権威ある, 権力のある",動詞,
crunch,"噛み砕く, 消化する",動詞,
revamp,"改修する, 修復する",動詞,
flex,"曲げる, 湾曲させる",動詞,
transcription,"転写, 写す",名詞,
convertible,形を変えられる,動詞,
revitalize,"活性化させる, 刺激する",動詞,
thee,"汝を, あなたを",名詞,
stub,"使い残り, 残り物",名詞,
ulcer,"潰瘍, 出来物",名詞,
indistinct,"不明瞭な, ぼやけた",形容詞,
divulge,"漏らす, 暴露する",動詞,
outcast,"追放された, 追い出された",形容詞,
debilitate,"衰弱させる, 弱める",動詞,
insinuate,"ほのめかす, 示唆する",動詞,
oblivious,"忘れっぽい, 物忘れの激しい",形容詞,
traction,"牽引, 引っ張る",名詞,
ruthlessly,"冷酷に, 冷徹に",副詞,
scour,こすり洗う,動詞,
genial,親切で愛想のよい,形容詞,
substantive,"実質的な, 具体的な",形容詞,
repeal,"廃止する, 中止する",動詞,
sloppy,"ずさんな, いい加減な",形容詞,
lamentable,"哀れな, 悲しい",形容詞,
interrogate,"尋問する, 質問攻めにする",動詞,
episcopal,"監督の, 司教の",形容詞,
treason,"反逆, 反乱",名詞,
dainty,"上品な, 洗練された",形容詞,
concoct,"練る, 混ぜ合わせる",動詞,
scuttle,"急いで行く, 速く走る",動詞,
admonish,"訓戒する, 警告する",動詞,
haughty,"高慢な, 傲慢な",形容詞,
hefty,"重い, 沈重な",形容詞,
soothing,"和らげる, 軽減する",動詞,
commend,"褒める, 賞賛する",動詞,
chasten,"懲らしめる, 罰する",動詞,
liken,"例える, 比較する",動詞,
facile,"安易な, 手軽な",形容詞,
intuitive,"直感的な, 直感力の",形容詞,
capitalize,"大文字にする, 大型化する",動詞,
fend,"避ける, 回避する",動詞,
coalesce,"合体する, 結合する",動詞,
exhale,"吐き出す, 放出する",動詞,
enigmatic,"謎めいた, 神秘的な",形容詞,
gnaw,"かじる, 噛む",動詞,
inter,"埋葬する, 埋める",動詞,
loathe,"嫌う, 嫌悪する",動詞,
cardinal,"主要な, 中心的な",形容詞,
lousy,"ひどい, 悪い",形容詞,
resurrect,"復活させる, 再生する",動詞,
nestle,"寄り添う, 側にいる",動詞,
temperament,"気質, 性質",名詞,
abort,"中絶する, 挫折する",動詞,
elusive,"捉えどころのない, 不確定な",形容詞,
neurotic,"神経症の, 神経質な",形容詞,
confound,"混乱させる, 乱す",動詞,
laughable,"失笑を買った, 笑われた",形容詞,
statistic,"統計, 統計学",名詞,
clockwise,"時計回りに, 右回りに",形容詞,
curtail,"削減する, 減少させる",動詞,
entrust,"委託する, 依頼する",動詞,
catastrophic,"破滅的な, 壊滅的な",形容詞,
injurious,"有害な, 危害を及ぼす",形容詞,
complementary,"補完的な, 補足的な",形容詞,
nasal,"鼻の, 鼻関連の",形容詞,
drawl,"ゆっくり話す, 遅く話す",動詞,
peripheral,"周辺の, 近隣の",形容詞,
crumple,"くしゃくしゃにする, よれる",動詞,
heave,"盛り上がる, 興奮する",動詞,
molecular,"分子の, 微小な",形容詞,
gingerly,"極めて慎重に, 非常に注意深く",副詞,
giddy,"めまいがする, 頭が回る",動詞,
nomadic,"遊牧の, 移動する",形容詞,
recoup,"取り戻す, 回収する",動詞,
strenuous,"努力を要する, 骨の折れる",動詞,
demolish,"取り壊す, 壊す",動詞,
meticulous,"細心の, 慎重な",形容詞,
treatise,"論文, 論説",名詞,
oust,"追い払う, 追い出す",動詞,
confiscate,"没収する, 押収する",動詞,
startling,"驚くべき, 驚異的な",形容詞,
discrete,"個別の, 独自の",形容詞,
mull,良く考える,動詞,
overhaul,"分解検査する, 分析検査する",動詞,
obligate,"義務づける, 強制する",動詞,
wretch,"みじめな人, 不運な人",名詞,
ardent,"熱心な, 情熱的な",形容詞,
innermost,"奥底の, 深層の",形容詞,
volatile,"揮発性の, 揮発する",形容詞,
beguile,"惑わす, 混乱させる",動詞,
impoverished,"貧しい, 貧弱な",形容詞,
veto,"拒否権, 拒絶権",名詞,
arduous,"骨の折れる, 困難な",動詞,
crafty,"狡猾な, ずるい",形容詞,
ferocious,"どう猛な, 激しい",形容詞,
bureaucratic,"官僚的な, 形式的な",形容詞,
construe,"解釈する, 解明する",動詞,
derivative,"派生した, 派生する",形容詞,
mystic,"神秘的な, 不可解な",形容詞,
magnify,"拡大する, 増大する",動詞,
impending,"起こりそうな, 可能性がある",形容詞,
gallant,"勇敢な, 勇気のある",形容詞,
appease,"なだめる, 鎮める",動詞,
reverberate,"反響する, 反応する",動詞,
groundless,"根拠のない, 無根拠の",形容詞,
invincible,"無敵の, 無敵な",形容詞,
deficient,"欠乏した, 不足した",形容詞,
devolve,"譲り渡す, 移譲する",動詞,
emanate,"発する, 出す",動詞,
inconspicuous,"目立たない, 控えめな",形容詞,
wartime,"戦時, 戦争時",名詞,
pristine,"元の, 以前の",形容詞,
incompetent,"無能な, 劣る",形容詞,
bask,"日向ぼっこする, 日光浴する",動詞,
definitive,"決定的な, 断定的な",形容詞,
treachery,"裏切り, 背信",名詞,
chide,"叱る, 怒る",動詞,
crackle,パチパチと音をたてる,動詞,
peek,"ちらっと覗く, 一瞥する",動詞,
proportionate,"比例した, 均等な",形容詞,
viable,"生存できる, 生き抜く",動詞,
grate,"格子, 格子状",名詞,
neutralize,"中和する, 中立化する",動詞,
stingy,"けちな, 節約好きの",形容詞,
jab,"突き刺す, 突き立てる",動詞,
dusky,"薄暗い, 昏い",形容詞,
subdivision,"細分化, 分割",名詞,
focal,"焦点の, 中心の",形容詞,
wig,"カツラ, 人工の髪",名詞,
discernible,"識別できる, 区別できる",動詞,
exhilarate,"陽気にさせる, 楽しくさせる",動詞,
customary,"慣習的な, 伝統的な",形容詞,
stuffed,"詰め込んだ, 充填した",動詞,
mince,"刻む, 細かく切る",動詞,
obstruct,"邪魔する, 妨害する",動詞,
stature,"身長, 身の丈",名詞,
recurring,"繰り返し, 再三",動詞,
ignite,"点火する, 火をつける",動詞,
ominous,"不吉な, 不運な",形容詞,
mitigate,"和らげる, 柔らかくする",動詞,
vicar,"牧師, 神父",名詞,
collateral,"並び合った, 横に並んだ",形容詞,
semantic,"意味論の, 意味学の",形容詞,
disquiet,"不穏な, 不安定な",形容詞,
hale,"元気な, 活発な",形容詞,
muse,"深く考える, 熟考する",動詞,
autonomous,"自律的な, 独立的な",形容詞,
gloat,"満足げに眺める, 得意に見る",動詞,
retaliate,"報復する, 仕返しする",動詞,
relinquish,"放棄する, 捨てる",動詞,
superfluous,"余計な, 過剰な",形容詞,
scoff,"嘲笑する, あざ笑う",動詞,
cringe,"すくむ, 怯える",動詞,
pissed,"腹を立てた, 怒った",形容詞,
inflammatory,"炎症性の, 炎症を引き起こす",形容詞,
wharf,"波止場, 埠頭",名詞,
shear,"刈り取る, 収穫する",動詞,
incumbent,"責務がある, 義務がある",動詞,
wistful,"もの悲しい, 哀しい",形容詞,
disgraceful,"恥ずかしい, 恥じらいの",形容詞,
sinister,"不吉な, 縁起が悪い",形容詞,
sprout,"芽, 新芽",名詞,
fraudulent,"詐欺, 欺騙",形容詞,
improvise,"即興で作る, その場で作り出す",動詞,
contentious,"論争好きな, 争い好きな",形容詞,
sag,"たるむ, 弛む",動詞,
jilt,"恋人を見捨てる, 突然別れる",動詞,
entreat,"懇願する, 頼む",動詞,
gastric,"胃の, 胃部の",形容詞,
revoke,"取り消す, 撤回する",動詞,
coax,"説き伏せる, 説得する",動詞,
illicit,"不法の, 違法な",形容詞,
briskly,"活発に, 元気に",副詞,
languish,"弱る, 衰える",動詞,
avenge,"仇を討つ, 復讐する",動詞,
divisive,"不和の生じた, 対立している",形容詞,
diminutive,"とても小さな, 極小の",形容詞,
beckon,"手招きする, 招く",動詞,
elude,"逃げる, 逃走する",動詞,
espouse,"支持する, 後援する",動詞,
imminent,"差し迫った, 切迫した",形容詞,
quash,"鎮圧する, 破棄する",動詞,
peddle,"行商する, 売り歩く",動詞,
relegate,"左遷する, 異動させる",動詞,
waterfall,"滝, 瀑布",名詞,
warden,"監視員, 見張り",名詞,
mediocre,"平凡な, 普通の",形容詞,
derail,"脱線させる, 乱す",動詞,
inflame,"燃え上がらせる, 炎上させる",動詞,
urine,"尿, 尿液",名詞,
watershed,"分水領, 分岐点",名詞,
intermediary,"仲介の, 調停の",形容詞,
ultraviolet,"紫外線の, UVの",形容詞,
wary,"警戒している, 注意している",動詞,
vigorously,"精力的に, エネルギッシュに",副詞,
tint,"色合い, 色調",形容詞,
nudge,"軽くつつく, ちょんと突く",動詞,
quarrelsome,"議論好きな, 論争好きな",形容詞,
creepy,"気味悪い, 不快な",形容詞,
fragmentary,"断片的な, 部分的な",形容詞,
sorely,"ひどく, 非常に",動詞,
eschew,避ける,動詞,
usher,"案内係, ガイド",名詞,
scattered,"散らばった, 散在した",動詞,
jumble,"乱雑にする, 乱す",動詞,
dormant,"休眠中の, 休止中の",形容詞,
crackdown,"取り締まり, 監視",名詞,
malaise,"不快感, 違和感",名詞,
bigotry,"偏屈, 頑固",名詞,
fanatic,"狂信者, 過激派",形容詞,
stash,"隠しておく, 秘密にする",動詞,
reconnaissance,"偵察, 偵查",名詞,
proclamation,"宣言, 公言",名詞,
inhibitor,"抑制する人, 制御者",名詞,
rancor,"怨恨, 憎しみ",名詞,
transcribe,"複写する, 複製する",動詞,
chant,"単調な歌, 一本調子の歌",名詞,
edifice,"建築物, 構造物",名詞,
rectitude,"実直さ, 誠実さ",名詞,
puddle,"水たまり, 溜水",名詞,
flurry,"突風, 突然の風",名詞,
prelude,"前触れ, 予兆",名詞,
penchant,"強い好み, 強い趣味",名詞,
skew,"斜めの, 傾いた",形容詞,
ensemble,"全体的効果, 全般的な影響",名詞,
rout,"敗走, 撤退",名詞,
resurrection,"復活, 再生",名詞,
frost,"霜, 霜降り",名詞,
locus,"座標, 位置情報",名詞,
fatality,"死者, 災害, 犠牲者",名詞,
pathology,"病理学, 疾病学",名詞,
whirl,"渦巻く, 旋回する",動詞,
evasion,"回避, 避ける",名詞,
marrow,"骨髄, 髄",名詞,
hiatus,"隙間, 割れ目, ひび",名詞,
rebuff,"拒絶, 拒否",名詞,
coffer,"金庫, 金箱",名詞,
cohort,"軍隊, 仲間, 部隊",名詞,
retaliation,"報復, 仕返し",名詞,
hyperbole,"誇張, 過大評価",名詞,
bower,"木陰, 樹下",名詞,
pilgrimage,"巡礼, 巡り参り",名詞,
outskirt,"郊外, 外れ",名詞,
wince,"ひるむ, 後退する",動詞,
neutron,"中性子, 原子核の一部",名詞,
