testimonial,"証明書, 表彰状, 認定書",形容詞,
clump,"木立ち, 木々",名詞,
repository,"倉庫, 蔵",名詞,
buffer,"緩衝, 緩和",名詞,
courtship,"求愛, 愛の告白",名詞,
shackle,"手錠, 手枷",名詞,
prank,"いたずら, 悪ふざけ",名詞,
antipathy,"反感, 嫌悪",名詞,
configure,"構成, 設定, 配置",動詞,
libel,"名誉毀損, 中傷",名詞,
enactment,"立法, 法制定",名詞,
accreditation,"認定, 承認",名詞,
invader,"侵略者, 侵入者",名詞,
caliber,"口径, 直径",名詞,
connoisseur,"鑑定家, 評価家",名詞,
masculinity,"男らしさ, 男性らしさ",名詞,
glee,"歓喜, 喜び",名詞,
pseudonym,"偽名, 偽の名前, 仮名",名詞,
bane,"悩みの種, 問題点",名詞,
goad,"つき棒, 棒",名詞,
abbey,"修道院, 僧院",名詞,
wobble,"ぐらぐらする, 揺れる",動詞,
opus,"作品, 制作物",名詞,
quip,"警句, 警告の言葉",名詞,
swoon,"気絶, 失神",名詞,
hub,"中心部, 核心",名詞,
plume,"飾り羽根, 装飾用の羽",名詞,
feud,"確執, 対立",名詞,
cornerstone,"礎石, 基礎",名詞,
petal,"花弁, 花びら",名詞,
screech,"金切り声, 高い叫び声",名詞,
consolation,"慰め, 励まし",名詞,
twitch,"ぐいと引く, 強く引っ張る",動詞,
affirmation,"断言, 明言",名詞,
ramification,"分岐, 分岐点",名詞,
entrepreneurship,"起業家精神, 創業者の心",名詞,
entourage,"側近, 近侍",名詞,
heresy,"異説, 違う意見",名詞,
precursor,"前触れ, 予告",名詞,
maverick,"異端者, 外道",名詞,
misgiving,"懸念, 心配",名詞,
nausea,"吐き気, むかつき",名詞,
overture,"序曲, 前奏曲",名詞,
abdomen,"腹部, 腹の部分",名詞,
anemia,"貧血症, 赤血球不足",名詞,
contrition,"悔み, 後悔",名詞,
specter,"妖怪, 妖精",名詞,
ferocity,"凶暴性, 獰猛さ",名詞,
rigor,"厳格, 厳重",名詞,
tad,"ちびっ子, 子供",名詞,
gall,"憎しみ, 胆汁",名詞,
caveat,"警告, 警戒",名詞,
fang,"牙, 犬歯",名詞,
mason,"石工, 石匠",名詞,
sheen,"光沢, 輝き",名詞,
succumb,"屈する, 服する",動詞,
archipelago,"群島, 諸島",名詞,
trudge,"とぼとぼ歩く, のろのろ歩く",動詞,
incompetence,"無能, 無力",名詞,
porcelain,"磁器, 陶磁器",名詞,
torso,"胴体, 胴部",名詞,
repercussion,"反響, 反応, 反射",名詞,
slouch,"前かがみ, 前を向く",動詞,
milieu,"環境, 周りの状況",名詞,
communique,"公式発表, 公式通知, 公表",名詞,
homage,"敬意, 尊敬",名詞,
hump,"こぶ, 隆起",動詞,
efficacy,"効能, 効果",名詞,
ballpark,"概算, おおよその計算",名詞,
plaza,"大広場, 広場",名詞,
clout,"影響力, 影響",名詞,
hoax,"悪ふざけ, いたずら",名詞,
rapprochement,"和睦, 平和の協定",名詞,
vindicate,"疑いを晴らす, 疑念を取り除く",動詞,
anesthesia,"麻酔, 麻酔薬",名詞,
mourning,"喪中, 服喪中",名詞,
barracks,"兵舎, 兵営",名詞,
wield,"振り回す, 使う",動詞,
fragmentation,"断片化, 分断",名詞,
enigma,"不可解なこと, 理解不能なこと",名詞,
sabotage,"妨害行為, 邪魔",名詞,
excavation,"発掘, 探し出す",名詞,
gazette,"官報, 公報",名詞,
casket,"小箱, 小さな容器",名詞,
mirage,"蜃気楼, 海市",名詞,
pantry,"食料品室, 食品庫",名詞,
psycho,"精神病患者, 精神障害者",名詞,
benefactor,"恩人, 恩を受けた人",名詞,
assortment,"詰め合わせ, 詰め物",名詞,
garland,"花飾り, 栄冠",名詞,
sabbath,"安息日, 休息の日",名詞,
oracle,"神のお告げ, 神託",名詞,
corpus,"文書資料の集成, 文献集積",名詞,
median,"中央の, 中心的な",形容詞,
plagiarism,"盗用, 窃取",名詞,
quagmire,"泥沼, 泥の沼",名詞,
coercion,"強制, 強要",名詞,
smirk,"にやにや笑う, 微笑む",動詞,
carcass,"死骸, 遺体",名詞,
ark,"箱舟, ノアの方舟",名詞,
ovation,"熱烈な歓迎, 熱心な歓迎",名詞,
ailment,"病気, 疾患",名詞,
burglary,"強盗, 住宅侵入",名詞,
jihad,"聖戦, 宗教的な戦争",名詞,
laureate,"受賞者, 授賞者",名詞,
stud,"種馬, 繁殖馬",名詞,
annuity,"年金, 退職金",名詞,
horde,"遊牧民族, 移動する民",名詞,
bravado,"虚勢, 見せかけ",名詞,
orphanage,"孤児院, 孤児の家",名詞,
surcharge,"追加料金, 追加費用",名詞,
stepfather,"継父, 義父",名詞,
impunity,"免責, 免除",名詞,
patrician,"貴族, 貴人",名詞,
supremacy,"最高, 至高",名詞,
cove,"入り江, 湾",名詞,
debtor,"債務者, 借金者",名詞,
outburst,"爆発, 爆破",名詞,
decency,"良識, 良知",名詞,
snag,"突起, 隆起",名詞,
furrow,"溝, 水路",名詞,
doctorate,"博士号, 博士の学位",名詞,
scourge,"むち, 天罰",名詞,
probation,"試用期間, 試験期間",名詞,
felon,"重罪犯人, 凶悪犯",名詞,
furor,"激怒, 怒り狂う",名詞,
pigment,"顔料, 色素",名詞,
swagger,"いばって歩く, 得意げに歩く",動詞,
blackout,"停電, 電源断",名詞,
graveyard,"墓地, 霊園",名詞,
protagonist,"主人公, 主役",名詞,
graft,"接ぎ木, 挿し木",名詞,
noun,"名詞, 単語",名詞,
rodent,"齧歯類, 小型哺乳動物",名詞,
relapse,"再発, 再度の発生",名詞,
conundrum,"難問, 難題",名詞,
debacle,"総崩れ, 崩壊",名詞,
phantom,"幻影, 幽霊",名詞,
stagnation,"停滞, 滞止",名詞,
jeopardy,"危機, 窮地",名詞,
fetus,"胎児, 胎子",名詞,
quantum,"量子, 量子単位",名詞,
moth,"蛾, 衣蛾",名詞,
incarceration,"投獄, 監獄送り",名詞,
sling,"つり縄, つり紐",動詞,
predicament,"苦境, 困難",名詞,
magistrate,"行政長官, 行政官",名詞,
stealth,"内密, 秘密",名詞,
borough,"自治区, 自治体",名詞,
infringement,"侵害, 侵犯",名詞,
arthritis,"関節炎, 関節の炎症",名詞,
squadron,"戦隊, 部隊",名詞,
burrow,"隠れ場所, 隠れ家",名詞,
heyday,"全盛期, 最盛期",名詞,
coroner,"検死官, 法医",名詞,
lookout,"警戒, 眺望",名詞,
dearth,"欠乏, 不足",名詞,
hypertension,"高血圧, 高血圧症",名詞,
rationale,"理論的根拠, 理論的基盤",名詞,
reflex,"反射, 反射作用",名詞,
mounting,"取り付け, 取り付けること",名詞,
renegade,"反逆者, 反乱者",名詞,
defamation,"名誉毀損, 中傷",名詞,
incest,"近親相姦, 近親関係",名詞,
swoop,"急降下する, 急落する",動詞,
roster,"当番表, シフト表",名詞,
biopsy,生体組織検査,名詞,
paramedic,"救急救命士, 救命士",名詞,
firearm,"銃器, 火器",名詞,
foreground,"前景, 背景",名詞,
acquittal,"無罪放免, 無罪を宣告する",名詞,
adultery,"姦通, 不倫",名詞,
rampart,"城壁, 城の壁",名詞,
sire,"雄親, 父親",名詞,
jug,"水差し, じょうろ",名詞,
intolerance,"不寛容, 偏見",名詞,
axe,"斧, 戦斧",名詞,
larva,"幼虫, 子虫",名詞,
rendezvous,"待ち合わせ, 会合",名詞,
caravan,"隊, 部隊",名詞,
thug,"刺客, 暗殺者",名詞,
cultivation,"栽培, 耕作",名詞,
stronghold,"拠点, 基地",名詞,
atheism,"無神論, 神を信じない考え",名詞,
ransom,"身代金, 解放金",名詞,
fluke,"まぐれ当たり, まぐれで",名詞,
guise,"外観, 見た目",名詞,
propensity,"傾向, 流れ",名詞,
squeal,悲鳴を上げる,動詞,
homicide,"殺人, 人を殺す行為",名詞,
thyroid,"甲状腺, 頸部の腺",名詞,
cache,"貯蔵庫, 保存場所",名詞,
moderation,"節度, 節制",名詞,
stockpile,"備蓄, 保存物",名詞,
hypocrite,"偽善者, 偽善行為をする人",名詞,
battalion,"大隊, 部隊",名詞,
meteor,"流星, 流れ星",名詞,
informant,"通報者, 情報提供者",名詞,
retina,"網膜, 眼の内部の膜",名詞,
abduction,"拉致, 誘拐",名詞,
cliche,"決まり文句, 決まった言葉",名詞,
kinship,"親族, 家族",名詞,
respite,"一休み, 休憩",名詞,
snarl,"唸る, 吠る",動詞,
gloom,"暗がり, 憂鬱",名詞,
centerpiece,"最重要, 最も重要",名詞,
platoon,"小隊, 部隊",名詞,
inception,"始まり, 開始",名詞,
genealogy,"系譜, 家系",名詞,
insurgency,"反乱, 反乱軍",名詞,
plaster,"石膏, ギプス",名詞,
remorse,"後悔, 過ちを後悔する",名詞,
paste,"のり, 接着剤",名詞,
refinery,"精製所, 精練工場",名詞,
iceberg,"氷山, 巨大な氷の塊",名詞,
savior,"救い主, 救済者",名詞,
prostitution,"売春, 売身",名詞,
crap,くだらないもの,形容詞,
pediatrician,"小児科医, 子供の医者",名詞,
irresistible,"抵抗できない, 無力な",形容詞,
decipher,"解読する, 暗号を解く",動詞,
exhort,"勧める, 推薦する",動詞,
hearten,"元気づける, 励ます",動詞,
shitty,"くだらない, ばかばかしい",形容詞,
instill,"注入する, 打ち込む",動詞,
intractable,手に負えない,形容詞,
negate,"無効にする, 取り消す",動詞,
murky,"陰気な, 暗い",形容詞,
whiff,"ほのかな匂い, 薄い香り",形容詞,
analogous,"類似の, 似ている",形容詞,
disgruntled,"不満な, 不機嫌な",形容詞,
idyllic,"のどかな, 穏やかな",形容詞,
receptive,"受容性のある, 受け入れ可能な",動詞,
laud,"称賛する, 賞賛する",動詞,
fraternal,"兄弟の, 兄妹の関係",形容詞,
overt,"明白な, 明確な",形容詞,
precocious,"早熟の, 早く成熟する",形容詞,
utilization,"利用, 使用",名詞,
conjure,"唱えて呼ぶ, 呼びかける",動詞,
galvanize,"電流を流す, 通電する",動詞,
garnish,"飾る, 装飾する",動詞,
existential,"実存の, 存在する",形容詞,
vengeance,"復讐, 報復",名詞,
brash,"せっかちな, 急かせる",形容詞,
goofy,"間抜けな, 馬鹿げた",形容詞,
implacable,"和解しにくい, 対立しやすい",形容詞,
poignant,"強烈な, 極端な",形容詞,
deterrent,"抑止する, 制止する",動詞,
pertinent,"関係がある, 関連する",動詞,
punitive,"懲罰的な, 罰するような",形容詞,
disband,"解散する, ばらばらにする",動詞,
lofty,"高尚な, 高潔な",形容詞,
therein,"その中に, 内部に",副詞,
cerebral,"脳の, 神経の",形容詞,
abet,"扇動する, 煽る",動詞,
adjoining,"隣の, 隣接する",形容詞,
eerie,"不気味な, 気味が悪い",形容詞,
stagnant,"停滞している, 静止している",動詞,
contingent,"起こりうる, 発生可能な",動詞,
latent,"潜在している, 隠れている",動詞,
prescribed,"所定の, 指定された",動詞,
staggering,"千鳥足の, ふらふらの",形容詞,
wreckage,"残骸, 遺骸, がれき",名詞,
flop,"ばったり倒れる, 突然倒れる",動詞,
incite,"扇動する, 煽る",動詞,
warhead,"弾頭, 弾丸",名詞,
interdisciplinary,"学際的な, 多分野の",形容詞,
scathing,"痛烈な, 厳しい",形容詞,
tyrant,"暴君, 専制君主",名詞,
astute,"鋭い, 鋭敏な",形容詞,
orbital,"軌道の, 軌道に関する",形容詞,
alias,"別名は, 別称は",名詞,
fumble,"手探りする, 取り損ねる",動詞,
whirlwind,"旋風, つむじ風, 竜巻",名詞,
detach,"切り離す, 分断する",動詞,
unjust,"不当な, 不適切な",形容詞,
textual,"本文の, 正文の, 原本の",形容詞,
amply,"広々と, 広大に",副詞,
makeshift,"その場しのぎの, 仮の",形容詞,
unconventional,"型破りな, 非凡な",形容詞,
writ,"令状, 逮捕令",名詞,
hesitant,"ためらった, 躊躇した",形容詞,
introspective,"内省的な, 反省的な",形容詞,
obscene,"卑猥な, 下劣な",形容詞,
apprehend,"捕らえる, 捕獲する",動詞,
gasp,息をのむ,動詞,
expatriate,"自国を離れる, 出国する",動詞,
heterosexual,異性愛の,形容詞,
exult,"喜ぶ, うれしく思う",動詞,
coy,恥ずかしいふりをした,形容詞,
heady,"せっかちな, 急かせる",形容詞,
embroil,"巻き込む, 関与させる",動詞,
affective,"優しい, 親切な",形容詞,
bipolar,"二極ある, 二極性がある",動詞,
bullish,"頑固な, 固執する",形容詞,
adrift,"漂流して, 漂う, 流されている",形容詞,
overblown,"誇張された, 過大評価された",形容詞,
aforementioned,"前述の, 先に述べた",形容詞,
glean,"集める, 収集する",動詞,
brandish,"振り回す, 使う, 利用する",動詞,
abdominal,"腹部の, 腹の",形容詞,
curt,"そっけない, 無愛想な",形容詞,
annul,"無効にする, 無効化する",動詞,
forlorn,"孤独な, 寂しい",形容詞,
annex,"添付する, 別館",動詞,
tawdry,"安っぽい, 安易な",形容詞,
terrestrial,"地球上の, 地上の",形容詞,
whim,"気まぐれ, 移り気な",名詞,
rampant,"自由奔放な, はびこった",形容詞,
devious,"遠回りの, 回り道の",形容詞,
quirky,"風変わりな, 奇抜な",形容詞,
sardonic,"冷笑的な, 皮肉な",形容詞,
corroborate,"裏付ける, 裏を取る",動詞,
intestinal,"腸の, 腸管の",形容詞,
retrospective,"回顧的な, 振り返る",形容詞,
sleazy,"低級な, 薄っぺらな, 下品な",形容詞,
forestall,"先んずる, 先駆ける",動詞,
forgo,"差し控える, 遠慮する",動詞,
canine,"犬の, 犬用の",形容詞,
savvy,"分かる, 理解する",動詞,
antiquated,"時代遅れの, 古い",形容詞,
audacious,"大胆な, 勇敢な",形容詞,
austere,"厳格な, 厳重な",形容詞,
fluorescent,"蛍光の, 発光する",形容詞,
outstrip,"追い越す, 先行する",動詞,
hum,"鼻歌を歌う, ブーンと鳴る",動詞,
whimsical,"気まぐれな, 移り気な",形容詞,
extol,"絶賛する, 高く評価する",動詞,
drizzle,"霧雨が降る, 細かい雨が降る",動詞,
vandalism,"破壊行為, 破壊的な行い",名詞,
retarded,"発達の遅れた, 遅滞している",形容詞,
arcane,"不可思議な, 神秘的な",形容詞,
neural,"神経の, 神経系の",形容詞,
vile,"下劣な, 卑猥な",形容詞,
solemn,"厳粛な, 真剣な",形容詞,
translucent,"半透明の, 透けて見える",形容詞,
degenerate,"退化する, 後退する",動詞,
obliterate,"抹消する, 消去する",動詞,
falter,"ためらう, 躊躇する",動詞,
brazen,"厚かましい, 無礼な",形容詞,
fluffy,"綿毛の, フワフワした",形容詞,
faded,"色あせた, 退色した",動詞,
inundate,"水浸しにする, 水没させる",動詞,
meander,"蛇行する, 曲がりくねる",動詞,
luxurious,"豪華な, 贅沢な",形容詞,
putative,"推定の, 予測の",形容詞,
sanguine,"楽天的な, 楽観的な",形容詞,
entrench,"塹壕に入れる, 防御する",動詞,
deride,"あざ笑う, 嘲笑する",動詞,
volatility,"揮発性, 揮発しやすい",名詞,
flinch,"尻込みする, 躊躇する",動詞,
vindication,"弁護, 防御, 弁明",名詞,
diabetic,"糖尿病の, 高血糖の",形容詞,
incendiary,"放火の, 火災を引き起こす",形容詞,
vernacular,"固有の, 独自の, 特有の",形容詞,
nominal,"名目上の, 形式上の",形容詞,
opaque,"不透明な, 明瞭でない",形容詞,
scrupulous,"良心的な, 誠実な",形容詞,
crappy,"安っぽい, 安価な",形容詞,
drench,"ずぶぬれにする, 水浸しにする",動詞,
overstate,"誇張する, 過大評価する",動詞,
insidious,"陰湿な, 卑劣な",形容詞,
lush,"青々とした, 生い茂った",形容詞,
condone,"大目に見る, 寛大に扱う",動詞,
arid,"乾燥した, 乾いている",形容詞,
deft,"器用な, 巧妙な",形容詞,
nimble,"機敏な, 敏捷な",形容詞,
auditory,"聴覚の, 聞く力",形容詞,
accrue,"発生する, 起こる",動詞,
dearly,"心から, 真心で",副詞,
ostensibly,"表向きは, 外面的に",副詞,
incompatible,"非互換の, 不適合な",形容詞,
obsessive,"強迫観念のある, 妄想的な",動詞,
prodigious,"驚異的な, 素晴らしい",形容詞,
fickle,"気まぐれな, 不安定な",形容詞,
inscribe,"刻む, 彫る",動詞,
canny,抜け目のない,形容詞,
charred,"黒焦げになった, 焦げた",動詞,
disparate,"異なる, 違う",動詞,
hideous,"恐ろしい, 恐怖な",形容詞,
irate,"怒った, 怒る",形容詞,
capitulate,"降伏する, 投降する",動詞,
cull,"摘む, 間引く, 取り除く",動詞,
speculative,"思索的な, 考察的な",形容詞,
vet,"獣医, 動物医師",名詞,
frigid,"極寒の, 極寒地の",形容詞,
flounder,"もがく, 足掻く",動詞,
align,"揃える, 整える",動詞,
affiliated,"提携した, 連携した",動詞,
gild,"金を塗る, 金箔を貼る",動詞,
upheaval,"隆起, 突起",名詞,
contemplative,"瞑想的な, 沈黙思考の",形容詞,
dissipate,"散らす, ばらまく",動詞,
respiratory,"呼吸の, 呼吸に関する",形容詞,
amidst,"の中で, 内部で",副詞,
trinity,"三位一体, 三つ",名詞,
infringe,"侵害する, 侵犯する",動詞,
wrath,"激怒, 怒り狂う",名詞,
dazzling,"眩しい, 明るい",形容詞,
ghastly,"恐ろしい, 怖い, 恐ろしいほど",形容詞,
intimately,"親密に, 密接に",副詞,
genteel,"上品な, 優雅な",形容詞,
addictive,"中毒性の, 依存性の",形容詞,
rabid,"狂った, 狂気の",形容詞,
clinch,折り曲げて留める,動詞,
malign,"有害な, 有毒な",形容詞,
quintessential,"典型的な, 一般的な",形容詞,
loot,"戦利品, 略奪物",名詞,
martian,"火星の, 火星に関する",形容詞,
womb,"子宮, 母胎",名詞,
acquit,"無罪宣告する, 無罪を証明する",動詞,
fret,"いらいらする, 怒る",動詞,
fervent,"熱烈な, 情熱的な",形容詞,
touchy,"過敏な, 敏感な",形容詞,
humiliating,"屈辱的な, 恥ずかしい",形容詞,
lavish,"気前の良い, 寛大な",形容詞,
disposable,"使い捨ての, 一回きりの",形容詞,
grope,"模索する, 探求する",動詞,
collegiate,"大学の, 大学に関する",形容詞,
insatiable,"強欲な, 貪欲な",形容詞,
err,"誤る, 間違える",動詞,
futile,"無駄な, 非効率的な",形容詞,
motley,"雑多な, 多様な",形容詞,
noteworthy,"注目に値する, 見逃せない",動詞,
lunge,"突進, 急進",名詞,
brutally,"残酷に, 無慈悲に",副詞,
detonate,"爆発させる, 破裂させる",動詞,
raucous,"耳障りな, 騒々しい, うるさい",形容詞,
mortify,"悔しがらせる, 抑制する",動詞,
infest,"横行する, はびこる",動詞,
tuberculosis,"結核, 肺結核",名詞,
coronary,"冠状動脈の, 心臓に関連した",形容詞,
exacerbate,"悪化させる, 悪くする",動詞,
horribly,"恐ろしく, 怖いほど",動詞,
momentarily,"瞬時に, 一瞬で",副詞,
loom,"ぼんやり現れる, 織機",動詞,
nibble,"少しずつ食べる, つまむ",動詞,
impromptu,"即座に, すぐに",副詞,
insofar,"その範囲で, その限りで",副詞,
ooze,"にじみ出る, 漏れ出る",動詞,
ballistic,"弾道の, 飛ぶ方向",形容詞,
greasy,"脂っこい, 油っぽい",形容詞,
engulf,"飲み込む, ゴクリと飲む",動詞,
prodigy,"天才, 神童",名詞,
provisional,"暫定的な, 仮の",形容詞,
extremist,"過激派, 極端な",名詞,
wee,"ちっぽけな, 小さい",形容詞,
worthy,"価値のある, 貴重な",動詞,
aggregate,"集める, 収集する",動詞,
nightly,"夜間の, 夜の",形容詞,
overshadow,"暗くする, 暗にする",動詞,
eject,"追い出す, 排除する",動詞,
warren,"飼育場, 飼育施設",名詞,
lurch,"よろめき, ふらつき",名詞,
spooky,"不気味な, 怖い",形容詞,
apprehensive,"心配した, 気になる",形容詞,
classy,"上品な, 優雅な",形容詞,
consummate,"完ぺきな, 完全な",形容詞,
glib,"口達者な, 話が得意な",形容詞,
demur,"異議を唱える, 反対する",動詞,
inadvertently,"うっかりと, 不注意にも",副詞,
burly,"たくましい, 強靭な, 頑強な",形容詞,
ragged,"ぼろぼろの, 古びた",形容詞,
clueless,"無知な, 知識のない",形容詞,
fetal,"胎児の, 胎児に関する, 胎内の",形容詞,
rife,"流行して, 人気がある",形容詞,
depose,"免職する, 解雇する",動詞,
indelible,"消えない, 永続する",形容詞,
proprietary,"所有者の, 独占の",形容詞,
impeach,"弾劾する, 告発する",動詞,
glossy,"光沢のある, つややかな",動詞,
leach,"ろ過する, 濾す",動詞,
disparage,"見下す, 軽視する, 軽蔑する",動詞,
glut,"満たす, 充足させる",動詞,
sumptuous,"贅沢な, 豪華な, 高級な",形容詞,
abrasive,"すり減らす, 減らす",動詞,
debase,"堕落させる, 道を踏み外させる",動詞,
stunned,"驚いた, びっくりした",動詞,
equitable,"公平な, 平等な",形容詞,
contraceptive,"避妊の, 出産を防ぐ",形容詞,
salient,"顕著な, 明らかな, 明白な",形容詞,
vantage,"有利, 得する",名詞,
clandestine,"内密の, 秘密の",形容詞,
cobble,"修繕する, 修理する",動詞,
candid,"率直な, 正直な",形容詞,
insurgent,"暴動を起こした, 乱れた",形容詞,
hurtle,"急いで行く, 急ぐ",動詞,
optic,"目の, 視力の, 視覚の",形容詞,
serpent,"蛇, 蛇のような人",名詞,
garrison,"駐屯地, 兵士が居住する場所",名詞,
injunction,"差し止め, 停止命令",名詞,
contaminant,汚染物質,名詞,
quarry,"採石場, 石を採る場所, 鉱山",名詞,
infusion,"注入, 注ぎ込む",名詞,
realtor,不動産業者,名詞,
barrage,"弾幕, 多数の弾丸や意見",名詞,
defection,"離反, 背いた",名詞,
spate,"多数, 大部分, 大勢",名詞,
brethren,"義兄弟, 誓いで結ばれた兄弟",名詞,
thump,"ゴツンと叩く, 強く打つ",動詞,
civility,"礼儀正しさ, マナーの良さ",名詞,
buyout,"買占め, 大量に買い占める行為",名詞,
leukemia,"白血病, 血液のがん, 白血球症",名詞,
oxide,"酸化物, 酸と反応した物質",名詞,
pore,"細孔, 小さい穴",名詞,
negligence,"怠慢, 怠ける, やる気がない",名詞,
loophole,"抜け穴, 例外や逃げ道",名詞,
braille,点字,名詞,
tamper,"改ざんする, 偽装する",動詞,
lexicon,"語彙, 言葉の集まり, 単語群",名詞,
perjury,"偽証, 虚偽の証言, 偽り",名詞,
diarrhea,"下痢, 便が液状になる状態",名詞,
berth,"寝台, 寝る場所",名詞,
perpetrate,"犯す, 違反する, 犯罪を犯す",動詞,
purport,"趣旨, 目的, 意図",名詞,
waver,"揺らぐ, 安定していない",動詞,
espionage,"スパイ活動, 陰謀活動",名詞,
genesis,"起源, 始まり, 出発点",名詞,
janitor,用務員,名詞,
alumnus,"卒業生, 卒業した人",名詞,
antidote,"解毒剤, 毒を中和する物質",名詞,
commandment,"命令, 指示, 指令",名詞,
wane,"欠ける, 不足している",動詞,
booty,"戦利品, 略奪物, 盗品",名詞,
abyss,"深淵, 非常に深いところ",名詞,
subvert,"覆す, 覆い隠す, 逆転させる",動詞,
cynic,"皮肉屋, 皮肉を言う人",名詞,
electrode,"電極, 電流を通す部品",名詞,
sexist,"男女差別主義者, 性差別主義者",名詞,
choreographer,"振付師, 振付家",名詞,
collusion,"共謀, 共同で犯罪を行う行為",名詞,
gradient,"勾配, 斜面, 傾斜",名詞,
proffer,"差し出す, 提供する, 出す",動詞,
stutter,"口ごもる, 話すのをためらう",動詞,
lore,"伝承, 口承",名詞,
culmination,"絶頂, 最高点, 頂点",名詞,
attrition,"消耗, 使い果たす, 減少",名詞,
disparity,"相違, 違い, 不一致",名詞,
combustion,"燃焼, 火を燃やす, 酸化反応",名詞,
permeate,"浸透する, 染み込む, 広がる",動詞,
glitch,"小さな欠陥, 小さい不備",名詞,
levee,"堤防, 水害防止のための壁",名詞,
sanctity,"尊厳, 威厳, 尊重される資質",名詞,
wreak,"浴びせる, たくさんかける",動詞,
reprimand,"懲戒, 罰すること, 訓練",動詞,
rapport,信頼関係,名詞,
plywood,"合板, 積層板",名詞,
raider,"急襲者, 突然攻撃を仕掛ける人",名詞,
nook,"隅, 角や端",名詞,
genus,"属, 分類や所属",名詞,
secession,"離脱, 退出すること",名詞,
peter,"細くなる, 狭くなる",動詞,
relive,"追体験する, 再び体験する",動詞,
scurry,"せかせか動く, 忙しなく動く",動詞,
reverence,"敬意, 尊敬, 尊重",名詞,
shortfall,"不足, 足りないこと",名詞,
ex-husband,"元夫, 以前の配偶者",名詞,
preoccupation,"没頭, 集中すること, 夢中",名詞,
luster,"光沢, 艶, 輝き",名詞,
notation,"表記, 書き表示すこと",名詞,
patronage,"後援, 支援, 援助",名詞,
penetration,貫通,名詞,
sinus,"湾曲, 曲がっていること",名詞,
clamor,"喧噪, うるさい雑踏や騒音",名詞,
acronym,頭字語,名詞,
resonant,"共鳴する, 感じ合う, 同調する",動詞,
bandit,"盗賊, 盗みを働く人",名詞,
discontent,"不満, 満足していない状態",名詞,
unearth,"発掘する, 掘り出す",動詞,
replenish,補充する,動詞,
skirmish,"小競り合い, 小さな争いや戦い",形容詞,
gust,"突風, 突然の風",名詞,
handcuff,"手錠, 人を拘束する装置",名詞,
hoof,"蹄, 馬や牛などの足の一部",名詞,
revel,"楽しむ, 何かを心から喜ぶ",動詞,
citation,引用,名詞,
complexion,"顔色, 肌の色調",名詞,
tout,うるさく勧誘する,動詞,
fiat,"命令, 指令や要求",名詞,
quell,"鎮める, 落ち着かせる",動詞,
envoy,"使者, 代理人や遣使",名詞,
fodder,"飼料, 動物のエサ",名詞,
comptroller,会計監査官,名詞,
excise,"物品税, 商品にかかる税金",動詞,
punctuate,句読点をつける,動詞,
continuum,連続体,名詞,
diaper,"おむつ, おしめ",動詞,
ferment,"発酵体, 発酵を引き起こす物質",名詞,
pleading,"嘆願, 懇願, 請願",名詞,
scum,"薄皮, 上皮",名詞,
puncture,"穴を空ける, 穴を開ける",動詞,
fledgling,"駆け出し, 初心者",名詞,
patriarch,"家長, 家族の主",名詞,
mower,"芝刈り機, 草刈り機",名詞,
iteration,"反復, 繰り返し",名詞,
paraphrase,"言い換え, 再表現",名詞,
revulsion,"嫌悪, 反感",名詞,
beacon,"のろし, 目印, 合図",名詞,
rectangle,"長方形, 四角形",名詞,
tarnish,"曇らせる, 濁らせる",動詞,
defiance,"反抗, 反発",名詞,
blister,"水膨れ, 水疱",名詞,
chuckle,"含み笑い, ほくそ笑い",形容詞,
conflagration,"大火災, 大規模な火事",名詞,
sham,"見せかけ, 仮装",名詞,
glimmer,"かすかな光, 微かな光",名詞,
onslaught,"猛攻撃, 激しい攻撃",名詞,
arson,"放火, 火をつける",名詞,
euphemism,"婉曲表現, 遠回しの表現",名詞,
overdose,"過剰摂取, 過食",動詞,
altruism,"利他主義, 無私無欲",名詞,
enclave,"飛び地, 飛地",名詞,
endemic,"風土病, 地域病",形容詞,
splice,"組み継ぎする, 繋ぐ, 接合する",動詞,
farce,"茶番, 喜劇, 茶番劇",名詞,
finesse,"巧妙な処理, うまい対処, 手腕",名詞,
fume,"臭い煙, 臭気, 悪臭",名詞,
squander,"浪費する, 無駄遣いする",動詞,
absurdity,"不条理, 不合理, 矛盾",名詞,
smite,"強打する, 激打する, ぶん殴る",動詞,
lobe,"耳たぶ, 耳垂, 耳たぼ",動詞,
scribble,"落書きする, 書き散らす",動詞,
banter,"冗談, 笑い話, おどけ",名詞,
tangle,"もつれさせる, 絡ませる",動詞,
asylum,"亡命, 亡命者, 亡命生活",名詞,
grudge,"恨み, 悪意, 憎しみ",名詞,
slick,"滑らかな, 艶やかな, 平滑な",形容詞,
herald,"使者, 使い, 代表者",名詞,
revile,"悪口を言う, 中傷する",動詞,
ambush,"待ち伏せ, 待ち構え, 伏兵",名詞,
parity,"同等, 等価, 相当",名詞,
strew,"ばらまく, 散布する, 拡散する",動詞,
bastion,"要塞, 城塞, 砦",名詞,
complicity,"共犯, 共謀者, 仲間",名詞,
renounce,"放棄する, 断念する, 諦める",動詞,
extradition,"引き渡し, 渡す, 提供する",名詞,
brawl,"乱闘, 乱打, 暴行",名詞,
clientele,"依頼人, 依頼者",名詞,
reinstate,"復帰させる, 復元する",動詞,
gorge,"峡谷, 渓谷",名詞,
solace,"慰め, 安堵",名詞,
knack,"こつ, 要領",動詞,
retribution,"報復, 復讐",名詞,
sludge,"汚泥, 泥沼",名詞,
contingency,"不測の事態, 突発的な事態",名詞,
registry,"登記, 記載",名詞,
acumen,"洞察力, 識見",名詞,
wrangle,"口論する, 議論する",動詞,
anarchy,"無秩序, 混沌",名詞,
labyrinth,"迷宮, 迷路",名詞,
smother,"窒息させる, 息を止める",動詞,
diffusion,"拡散, 広がり",名詞,
blight,"疫病, 感染症",名詞,
foyer,"休憩室, 待合室",名詞,
subversive,"破壊する, 壊す",動詞,
impediment,"障害, 障害物",名詞,
pawn,"抵当, 抵抗",名詞,
quirk,"変な癖, 特異な癖",名詞,
curfew,"門限, 帰宅制限",名詞,
pamper,"甘やかす, ひねくれる",動詞,
stoke,"燃料をくべる, 火力を増す",動詞,
disintegration,"崩壊, 崩壊状態",名詞,
impasse,"行き詰まり, 進行不能",名詞,
rendition,"演出, 舞台監督",名詞,
persecute,"迫害する, 圧迫する",動詞,
bounty,"寛大, 寛容",名詞,
hindsight,"後知恵, 振り返り",名詞,
avatar,"権化, 象徴",名詞,
brat,"小僧, 若者",名詞,
jettison,"放棄, 断念",動詞,
taunt,"罵倒する, 侮辱する",動詞,
wiggle,"ぴくぴく動かす, ひくつかせる",動詞,
allusion,"暗示, 示唆",名詞,
aberration,"脱線行為, 妨害行為",名詞,
backlash,"激しい反発, 強い反響",名詞,
euphoria,"陶酔, 夢中",名詞,
eligibility,"適格性, 妥当性",名詞,
dictum,"意見, 格言",名詞,
manure,"肥料, 施肥物",名詞,
populace,"民衆, 大衆",名詞,
bedrock,"岩盤, 硬層",名詞,
centennial,"100年祭, 百年祭",形容詞,
stint,"切り詰める, 節約する",動詞,
omen,"前兆, 予兆",動詞,
teem,"群がる, 集まる",動詞,
picket,"くい, 柵",形容詞,
acknowledgement,"承認, 認可",名詞,
straddle,"またがる, 乗り越える",動詞,
chasm,"裂け目, 割れ目",名詞,
complacency,"自己満足, 自己陶酔",名詞,
pedigree,"血統, 家系",名詞,
adversity,"逆境, 困難, 窮地",名詞,
rationality,"合理性, 合理主義",名詞,
philanthropy,"博愛, 普遍愛",名詞,
cynicism,"皮肉, 冷嘲",名詞,
mitigation,"緩和, 和らげる",名詞,
morgue,"遺体安置所, 遺体保管所",名詞,
pod,"さや, 刃物の保管用ケース",名詞,
alienation,"疎外, 遠ざける, 孤立させる",名詞,
corporal,"伍長, 軍曹, 下士官",形容詞,
funk,"臆病, 怯える, 気が小さい",名詞,
deluge,"大洪水, 大水害, 氾濫",名詞,
intestine,"腸, 腸管, はらわた",名詞,
liturgy,"典礼, 儀式, 式典",名詞,
sarcasm,"皮肉, 嘲笑, 冷笑",名詞,
anthem,"賛歌, 賛美歌",名詞,
propagate,"広める, 拡大する",動詞,
romp,"ふざけ回る, 遊び回る",動詞,
obituary,"死亡記事, 訃報, 死亡通知",名詞,
adjunct,"付属物, 付加物",名詞,
crusader,"十字軍, 聖戦, 聖戦運動",名詞,
seminary,"神学校, 神学院",名詞,
impetus,"運動力, 活力, 動力",名詞,
compilation,"編集, 修正, 校正",名詞,
semiconductor,"半導体, 電子部品, 半導体素子",名詞,
gut,"腸, 大腸, 小腸",名詞,
measles,"麻疹, 発疹, 斑疹",名詞,
smuggler,"密輸業者, 密輸人, 運び屋",名詞,
miscarriage,"失敗, 流産",名詞,
bystander,傍観者,名詞,
epicenter,震源地,名詞,
improvisation,"即興, アドリブ",名詞,
lineage,"系統, 体系, 系列",名詞,
recourse,依頼,名詞,
foreman,親方,名詞,
rupture,"破裂, 割れる, 爆破",名詞,
spurn,"追い払う, 排除する, 締め出す",動詞,
hepatitis,肝炎,名詞,
pun,駄じゃれ,名詞,
hallucination,幻覚,名詞,
stunt,"発育を妨げる, 成長を阻害する",動詞,
menopause,"閉経, 更年期, 停止",名詞,
inhibition,禁止,名詞,
litigation,訴訟,名詞,
hull,"外皮, 船体",名詞,
exposition,展示会,名詞,
euthanasia,安楽死,名詞,
lunatic,精神異常者,名詞,
obscenity,わいせつ,動詞,
manifesto,"宣言書, 声明書",名詞,
absentee,"欠席者, 不参加者",名詞,
locale,現場,名詞,
manslaughter,過失致死,名詞,
insurrection,暴動,名詞,
placate,なだめる,動詞,
funnel,漏斗,名詞,
malpractice,不正行為,名詞,
outpatient,外来患者,名詞,
secede,離脱する,動詞,
whack,打つ,動詞,
calculus,"結石, 微分, 積分",名詞,
inoculation,予防接種,名詞,
piracy,"海賊行為, 著作権侵害",名詞,
truce,休戦,名詞,
ruckus,"大騒ぎ, 騒乱",名詞,
cardiovascular,心血管の,形容詞,
surrogate,代理人,名詞,
vial,ガラス瓶,名詞,
palatable,美味しい,形容詞,
tepid,生ぬるい,形容詞,
annihilate,全滅させる,動詞,
gruesome,ぞっとする,動詞,
precarious,不安定な,形容詞,
cervical,頸部の,形容詞,
treasurer,会計係,名詞,
mural,壁の,形容詞,
consecrate,奉献する,動詞,
bloated,むくんだ,形容詞,
extradite,引き渡す,動詞,
corrosive,腐食性の,形容詞,
defiant,反抗的な,形容詞,
palpable,さわれる,動詞,
muffle,包む,動詞,
generalized,一般化された,動詞,
tinge,色合い,形容詞,
glisten,"輝く, きらめく",動詞,
exacting,厳しい,形容詞,
flagrant,極悪非道の,形容詞,
nuptial,婚礼の,形容詞,
predatory,肉食の,形容詞,
impaired,"障害のある, 障害がある",動詞,
obnoxious,不愉快な,形容詞,
stalwart,堅固な,形容詞,
stately,風格のある,動詞,
shoddy,見掛け倒しの,形容詞,
radiant,"輝く, ぎらぎら輝く",動詞,
glint,きらめく,動詞,
infrared,赤外線の,形容詞,
requisite,必要な,形容詞,
autistic,自閉症の,形容詞,
flit,すいすい飛ぶ,動詞,
gregarious,群生した,形容詞,
majestic,雄大な,形容詞,
exuberant,あふれんばかりの,形容詞,
elucidate,解明する,動詞,
ailing,病んでいる,動詞,
perverse,ひねくれた,形容詞,
vogue,流行,名詞,
venom,毒,名詞,
ethereal,空気の様に軽やかな,形容詞,
interpretive,解釈の,形容詞,
ultimatum,最終通告,名詞,
cardiac,心臓の,形容詞,
zest,熱意,名詞,
posh,豪華な,形容詞,
appellate,上訴の,形容詞,
boldly,大胆に,副詞,
atone,償う,動詞,
fluctuate,変動する,動詞,
defunct,消滅した,形容詞,
incarcerate,投獄する,動詞,
lax,手ぬるい,形容詞,
grueling,厳しい,形容詞,
supple,柔軟な,形容詞,
idiosyncratic,特異な,形容詞,
perceptual,知覚の,形容詞,
sparse,希薄な,形容詞,
sectarian,宗派の,形容詞,
tenuous,薄い,形容詞,
stalemate,行き詰まり,名詞,
whereabouts,どの辺りに,名詞,
antagonize,敵に回す,動詞,
gobble,がつがつ食べる,動詞,
belligerent,好戦的な,形容詞,
lubricate,潤滑させる,動詞,
vigilant,警戒した,形容詞,
distraught,取り乱した,形容詞,
exorcise,厄払いする,動詞,
synonymous,同義の,形容詞,
sporadic,散発的な,形容詞,
bode,予言する,動詞,
zinc,亜鉛,名詞,
dogged,頑固な,形容詞,
inept,不適当な,形容詞,
ventilation,換気,名詞,
taut,ぴんと張ってある,動詞,
jostle,押し合う,動詞,
stellar,星の,形容詞,
exude,滲み出させる,動詞,
outwit,出し抜く,動詞,
blurt,うっかり話す,動詞,
encroach,侵入する,動詞,
engender,醸し出す,動詞,
condescend,謙遜する,動詞,
pulmonary,肺の,形容詞,
notoriously,悪名高く,動詞,
detract,損なう,動詞,
remedial,"治療する, 療養する",動詞,
trivia,些細な事,名詞,
discretionary,任意の,形容詞,
pseudo,偽りの,形容詞,
antecedent,先行する,動詞,
fleeting,つかの間の,形容詞,
harrowing,悲惨な,形容詞,
tantalizing,"じれったい, もどかしい",形容詞,
accentuate,強調する,動詞,
sordid,むさ苦しい,形容詞,
pilfer,くすねる,動詞,
assail,暴行する,動詞,
airborne,空輸の,形容詞,
fragrant,香ばしい,形容詞,
innocuous,無害の,形容詞,
eclectic,折衷の,形容詞,
trajectory,軌道,名詞,
jut,"突き出す, 突出する",動詞,
relentlessly,容赦なく,動詞,
distorted,歪んだ,形容詞,
tumultuous,騒然とした,形容詞,
accede,同意する,動詞,
markedly,著しく,動詞,
hilarious,滑稽な,形容詞,
veritable,"真実の, 本当の",形容詞,
jeer,冷やかす,動詞,
comatose,昏睡状態の,形容詞,
lewd,淫らな,形容詞,
spontaneously,自発的に,副詞,
vigil,寝ずの番,名詞,
contravene,違反する,動詞,
soaring,舞い上がる,動詞,
impeccable,申し分のない,形容詞,
laudable,称賛に値する,動詞,
patriarchal,家長の,形容詞,
dour,陰気な,形容詞,
tangled,もつれた,形容詞,
headlong,真っ逆さまに,形容詞,
corrode,腐食する,動詞,
speck,斑点,名詞,
transmitter,送信機,名詞,
spree,酒宴,名詞,
outspoken,率直な,形容詞,
hark,聞く,動詞,
tarp,防水シート,名詞,
germinate,発芽する,動詞,
quadruple,4倍の,形容詞,
scant,"乏しい, 不足している",形容詞,
instigate,扇動する,動詞,
affable,親しみの持てる,動詞,
cumbersome,"面倒な, 扱いづらい",形容詞,
strident,かん高い,形容詞,
uproar,大騒ぎ,名詞,
flawless,完璧な,形容詞,
adept,熟達した,形容詞,
bulky,"かさばった, 嵩高な",形容詞,
glitter,きらきら輝く,動詞,
intrepid,勇敢な,形容詞,
impersonate,役を演じる,動詞,
lisp,舌足らずに発音する,動詞,
taint,"腐敗, 汚点",名詞,
deceptive,だまそうとする,動詞,
contextual,文脈上の,形容詞,
grandiose,壮大な,形容詞,
meager,貧弱な,形容詞,
anew,新たに,副詞,
conceivable,考えられる,動詞,
verbally,口頭で,副詞,
pacify,なだめる,動詞,
turbulent,荒れ狂った,形容詞,
peruse,熟読する,動詞,
erratic,不安定な,形容詞,
smug,独り善がり,形容詞,
congregate,集まる,動詞,
cower,縮み上がる,動詞,
torrent,急流,名詞,
uncanny,不気味な,形容詞,
abhor,嫌悪する,動詞,
moot,議論する,動詞,
tremor,震動,名詞,
squabble,つまらない口論,名詞,
wand,杖,名詞,
hydraulic,油圧の,形容詞,
buoyant,浮力のある,動詞,
dissect,解剖する,動詞,
seductive,魅惑的な,形容詞,
stringent,厳格な,形容詞,
overdue,延滞した,形容詞,
ablaze,燃え立っている,動詞,
aggrieved,感情を害した,動詞,
jagged,角立った,動詞,
rustic,田舎の,形容詞,
gritty,砂の入った,形容詞,
flimsy,薄っぺらな,形容詞,
heartfelt,"心からの, 本心からの",形容詞,
boisterous,騒々しい,形容詞,
whore,"売春婦, 娼婦",名詞,
enunciate,明瞭に発音する,動詞,
conciliate,調停する,動詞,
sulfur,硫黄,名詞,
mashed,つぶした,動詞,
prolific,多産の,形容詞,
ashore,岸へ,副詞,
insulate,絶縁する,動詞,
concerted,申し合わせた,形容詞,
dilate,膨張する,動詞,
munch,むしゃむしゃ食べる,動詞,
terse,簡潔な,形容詞,
wayward,わがままな,形容詞,
transient,一時的な,形容詞,
nonpartisan,無所属の,形容詞,
inexorable,容赦ない,形容詞,
intently,熱心に,副詞,
zealot,熱狂者,名詞,
preposterous,途方もない,形容詞,
unanimously,全会一致で,副詞,
tenet,主義,名詞,
tier,"段, 階層",名詞,
moribund,瀕死の,形容詞,
ludicrous,ばかげた,形容詞,
squint,斜視,名詞,
intravenous,"静脈内の, 静脈の範囲内で",形容詞,
sedative,鎮静効果のある,動詞,
divergent,分岐した,形容詞,
prenatal,出生前の,形容詞,
recalcitrant,反抗的な,形容詞,
avid,熱心な,形容詞,
glum,ふさぎ込んだ,形容詞,
daunt,脅す,動詞,
beget,子供を授かる,動詞,
evocative,呼び起こした,形容詞,
hapless,不運な,形容詞,
stigma,汚名,名詞,
suspense,不確かな状態,名詞,
exploratory,探検の,形容詞,
delusional,妄想的な,形容詞,
bequeath,遺言で譲る,動詞,
genital,生殖の,形容詞,
drab,単調な,形容詞,
confederate,連合した,形容詞,
apiece,一つに付き,副詞,
gush,湧き出る,動詞,
dislodge,無理に押しのける,動詞,
oscillate,振動する,動詞,
douse,ずぶぬれにする,動詞,
unilateral,片側の,形容詞,
extricate,救い出す,動詞,
idiotic,ばかげた,形容詞,
dissident,反体制派の,形容詞,
expound,解説する,動詞,
alluring,魅惑的な,形容詞,
rowdy,乱暴な,形容詞,
cede,譲る,動詞,
